title,abstract,modality,task,deep_learning,cardiovascular,label
Semantic segmentation and detection of mediastinal lymph nodes and anatomical structures in CT data for lung cancer staging,"PURPOSE: Accurate lung cancer diagnosis is crucial to select the best course of action for treating the patient. From a simple chest CT volume, it is necessary to identify whether the cancer has spread to nearby lymph nodes or not. It is equally important to know precisely where each malignant lymph node is with respect to the surrounding anatomical structures and the airways. In this paper, we introduce a new data-set containing annotations of fifteen different anatomical structures in the mediastinal area, including lymph nodes of varying sizes. We present a 2D pipeline for semantic segmentation and instance detection of anatomical structures and potentially malignant lymph nodes in the mediastinal area. METHODS: We propose a 2D pipeline combining the strengths of U-Net for pixel-wise segmentation using a loss function dealing with data imbalance and Mask R-CNN providing instance detection and improved pixel-wise segmentation within bounding boxes. A final stage performs pixel-wise labels refinement and 3D instance detection using a tracking approach along the slicing dimension. Detected instances are represented by a 3D pixel-wise mask, bounding volume, and centroid position. RESULTS: We validated our approach following a fivefold cross-validation over our new data-set of fifteen lung cancer patients. For the semantic segmentation task, we reach an average Dice score of 76% over all fifteen anatomical structures. For the lymph node instance detection task, we reach 75% recall for 9 false positives per patient, with an average centroid position estimation error of 3 mm in each dimension. CONCLUSION: Fusing 2D networks' results increases pixel-wise segmentation results while enabling good instance detection. Better leveraging of the 3D information and station mapping for the detected lymph nodes are the next steps.",ct,segmentation,1,0,0
DenseCapsNet: Detection of COVID-19 from X-ray images using a capsule neural network,"At present, the global pandemic as it relates to novel coronavirus pneumonia is still a very difficult situation. Due to the recent outbreak of novel coronavirus pneumonia, novel chest X-ray (CXR) images that can be used for deep learning analysis are very rare. To solve this problem, we propose a deep learning framework that integrates a convolutional neural network and a capsule network. DenseCapsNet, a new deep learning framework, is formed by the fusion of a dense convolutional network (DenseNet) and the capsule neural network (CapsNet), leveraging their respective advantages and reducing the dependence of convolutional neural networks on a large amount of data. Using 750 CXR images of lungs of healthy patients as well as those of patients with other pneumonia and novel coronavirus pneumonia, the method can obtain an accuracy of 90.7% and an F1 score of 90.9%, and the sensitivity for detecting COVID-19 can reach 96%. These results show that the deep fusion neural network DenseCapsNet has good performance in novel coronavirus pneumonia CXR radiography detection.",xr,classification,1,0,0
Deep learning representations to support COVID-19 diagnosis on CT slices,"INTRODUCTION: The coronavirus disease 2019 (COVID-19) has become a significant public health problem worldwide. In this context, CT-scan automatic analysis has emerged as a COVID-19 complementary diagnosis tool allowing for radiological finding characterization, patient categorization, and disease follow-up. However, this analysis depends on the radiologist's expertise, which may result in subjective evaluations. OBJECTIVE: To explore deep learning representations, trained from thoracic CT-slices, to automatically distinguish COVID-19 disease from control samples. MATERIALS AND METHODS: Two datasets were used: SARS-CoV-2 CT Scan (Set-1) and FOSCAL clinic's dataset (Set-2). The deep representations took advantage of supervised learning models previously trained on the natural image domain, which were adjusted following a transfer learning scheme. The deep classification was carried out: (a) via an end-to-end deep learning approach and (b) via random forest and support vector machine classifiers by feeding the deep representation embedding vectors into these classifiers. RESULTS: The end-to-end classification achieved an average accuracy of 92.33% (89.70% precision) for Set-1 and 96.99% (96.62% precision) for Set-2. The deep feature embedding with a support vector machine achieved an average accuracy of 91.40% (95.77% precision) and 96.00% (94.74% precision) for Set-1 and Set-2, respectively. CONCLUSION: Deep representations have achieved outstanding performance in the identification of COVID-19 cases on CT scans demonstrating good characterization of the COVID-19 radiological patterns. These representations could potentially support the COVID-19 diagnosis in clinical settings.",ct,classification,1,0,1
Three-Terminal Ovonic Threshold Switch (3T-OTS) with Tunable Threshold Voltage for Versatile Artificial Sensory Neurons,"Inspired by information processing in biological systems, sensor-combined edge-computing systems attract attention requesting artificial sensory neurons as essential ingredients. Here, we introduce a simple and versatile structure of artificial sensory neurons based on a novel three-terminal Ovonic threshold switch (3T-OTS), which features an electrically controllable threshold voltage (V(th)). Combined with a sensor driving an output voltage, this 3T-OTS generates spikes with a frequency depending on an external stimulus. As a proof of concept, we have built an artificial retinal ganglion cell (RGC) by combining a 3T-OTS and a photodiode. Furthermore, this artificial RGC is combined with the reservoir-computing technique to perform a classification of chest X-ray images for normal, viral pneumonia, and COVID-19 infections, releasing the recognition accuracy of about 86.5%. These results indicate that the 3T-OTS is highly promising for applications in neuromorphic sensory systems, providing a building block for energy-efficient in-sensor computing devices.",xr,classification,1,0,0
Deep segmentation networks predict survival of non-small cell lung cancer,"Non-small-cell lung cancer (NSCLC) represents approximately 80-85% of lung cancer diagnoses and is the leading cause of cancer-related death worldwide. Recent studies indicate that image-based radiomics features from positron emission tomography/computed tomography (PET/CT) images have predictive power for NSCLC outcomes. To this end, easily calculated functional features such as the maximum and the mean of standard uptake value (SUV) and total lesion glycolysis (TLG) are most commonly used for NSCLC prognostication, but their prognostic value remains controversial. Meanwhile, convolutional neural networks (CNN) are rapidly emerging as a new method for cancer image analysis, with significantly enhanced predictive power compared to hand-crafted radiomics features. Here we show that CNNs trained to perform the tumor segmentation task, with no other information than physician contours, identify a rich set of survival-related image features with remarkable prognostic value. In a retrospective study on pre-treatment PET-CT images of 96 NSCLC patients before stereotactic-body radiotherapy (SBRT), we found that the CNN segmentation algorithm (U-Net) trained for tumor segmentation in PET and CT images, contained features having strong correlation with 2- and 5-year overall and disease-specific survivals. The U-Net algorithm has not seen any other clinical information (e.g. survival, age, smoking history, etc.) than the images and the corresponding tumor contours provided by physicians. In addition, we observed the same trend by validating the U-Net features against an extramural data set provided by Stanford Cancer Institute. Furthermore, through visualization of the U-Net, we also found convincing evidence that the regions of metastasis and recurrence appear to match with the regions where the U-Net features identified patterns that predicted higher likelihoods of death. We anticipate our findings will be a starting point for more sophisticated non-intrusive patient specific cancer prognosis determination. For example, the deep learned PET/CT features can not only predict survival but also visualize high-risk regions within or adjacent to the primary tumor and hence potentially impact therapeutic outcomes by optimal selection of therapeutic strategy or first-line therapy adjustment.",pet,survival,1,0,0
Radiomics analysis using stability selection supervised component analysis for right-censored survival data,"Radiomics is a newly emerging field that involves the extraction of massive quantitative features from biomedical images by using data-characterization algorithms. Distinctive imaging features identified from biomedical images can be used for prognosis and therapeutic response prediction, and they can provide a noninvasive approach for personalized therapy. So far, many of the published radiomics studies utilize existing out of the box algorithms to identify the prognostic markers from biomedical images that are not specific to radiomics data. To better utilize biomedical images, we propose a novel machine learning approach, stability selection supervised principal component analysis (SSSuperPCA) that identifies stable features from radiomics big data coupled with dimension reduction for right-censored survival outcomes. The proposed approach allows us to identify a set of stable features that are highly associated with the survival outcomes in a simple yet meaningful manner, while controlling the per-family error rate. We evaluate the performance of SSSuperPCA using simulations and real data sets for non-small cell lung cancer and head and neck cancer, and compare it with other machine learning algorithms. The results demonstrate that our method has a competitive edge over other existing methods in identifying the prognostic markers from biomedical imaging data for the prediction of right-censored survival outcomes.",ct,classification,0,0,0
Diagnostic Value of Deep Learning-Based CT Feature for Severe Pulmonary Infection,"The study aimed to explore the diagnostic value of computed tomography (CT) images based on cavity convolution U-Net algorithm for patients with severe pulmonary infection. A new lung CT image segmentation algorithm (U-Net+ deep convolution (DC)) was proposed based on U-Net network and compared with convolutional neural network (CNN) algorithm. Then, it was applied to CT image diagnosis of 100 patients with severe lung infection in The Second Affiliated Hospital of Fujian Medical University hospital and compared with traditional methods, and its sensitivity, specificity, and accuracy were compared. It was found that the single training time and loss of U-Net + DC algorithm were reduced by 59.4% and 9.8%, respectively, compared with CNN algorithm, while Dice increased by 3.6%. The lung contour segmented by the proposed model was smooth, which was the closest to the gold standard. Fungal infection, bacterial infection, viral infection, tuberculosis infection, and mixed infection accounted for 28%, 18%, 7%, 7%, and 40%, respectively. 36%, 38%, 26%, 17%, and 20% of the patients had ground-glass shadow, solid shadow, nodule or mass shadow, reticular or linear shadow, and hollow shadow in CT, respectively. The incidence of various CT characteristics in patients with fungal and bacterial infections was statistically significant (P < 0.05). The specificity (94.32%) and accuracy (97.22%) of CT image diagnosis based on U-Net + DC algorithm were significantly higher than traditional diagnostic method (75.74% and 74.23%), and the differences were statistically significant (P < 0.05). The network of the algorithm in this study demonstrated excellent image segmentation effect. The CT image based on the U-Net + DC algorithm can be used for the diagnosis of patients with severe pulmonary infection, with high diagnostic value.",ct,segmentation,1,0,0
"A deep-learning pipeline for the diagnosis and discrimination of viral, non-viral and COVID-19 pneumonia from chest X-ray images","Common lung diseases are first diagnosed using chest X-rays. Here, we show that a fully automated deep-learning pipeline for the standardization of chest X-ray images, for the visualization of lesions and for disease diagnosis can identify viral pneumonia caused by coronavirus disease 2019 (COVID-19) and assess its severity, and can also discriminate between viral pneumonia caused by COVID-19 and other types of pneumonia. The deep-learning system was developed using a heterogeneous multicentre dataset of 145,202 images, and tested retrospectively and prospectively with thousands of additional images across four patient cohorts and multiple countries. The system generalized across settings, discriminating between viral pneumonia, other types of pneumonia and the absence of disease with areas under the receiver operating characteristic curve (AUCs) of 0.94-0.98; between severe and non-severe COVID-19 with an AUC of 0.87; and between COVID-19 pneumonia and other viral or non-viral pneumonia with AUCs of 0.87-0.97. In an independent set of 440 chest X-rays, the system performed comparably to senior radiologists and improved the performance of junior radiologists. Automated deep-learning systems for the assessment of pneumonia could facilitate early intervention and provide support for clinical decision-making.",xr,"segmentation, classification",1,0,0
SOM-LWL method for identification of COVID-19 on chest X-rays,"The outbreak of coronavirus disease 2019 (COVID-19) has had an immense impact on world health and daily life in many countries. Sturdy observing of the initial site of infection in patients is crucial to gain control in the struggle with COVID-19. The early automated detection of the recent coronavirus disease (COVID-19) will help to limit its dissemination worldwide. Many initial studies have focused on the identification of the genetic material of coronavirus and have a poor detection rate for long-term surgery. The first imaging procedure that played an important role in COVID-19 treatment was the chest X-ray. Radiological imaging is often used as a method that emphasizes the performance of chest X-rays. Recent findings indicate the presence of COVID-19 in patients with irregular findings on chest X-rays. There are many reports on this topic that include machine learning strategies for the identification of COVID-19 using chest X-rays. Other current studies have used non-public datasets and complex artificial intelligence (AI) systems. In our research, we suggested a new COVID-19 identification technique based on the locality-weighted learning and self-organization map (LWL-SOM) strategy for detecting and capturing COVID-19 cases. We first grouped images from chest X-ray datasets based on their similar features in different clusters using the SOM strategy in order to discriminate between the COVID-19 and non-COVID-19 cases. Then, we built our intelligent learning model based on the LWL algorithm to diagnose and detect COVID-19 cases. The proposed SOM-LWL model improved the correlation coefficient performance results between the Covid19, no-finding, and pneumonia cases; pneumonia and no-finding cases; Covid19 and pneumonia cases; and Covid19 and no-finding cases from 0.9613 to 0.9788, 0.6113 to 1 0.8783 to 0.9999, and 0.8894 to 1, respectively. The proposed LWL-SOM had better results for discriminating COVID-19 and non-COVID-19 patients than the current machine learning-based solutions using AI evaluation measures.",xr,classification,0,0,0
Development of a predictive radiomics model for lymph node metastases in pre-surgical CT-based stage IA non-small cell lung cancer,"OBJECTIVES: To develop and validate predictive models using clinical parameters, radiomic features and a combination of both for lymph node metastasis (LNM) in pre-surgical CT-based stage IA non-small cell lung cancer (NSCLC) patients. METHODS: This retrospective study included 649 pre-surgical CT-based stage IA NSCLC patients from our hospital. One hundred and thirty-eight (21 %) of the 649 patients had LNM after surgery. A total of 396 radiomic features were extracted from the venous phase contrast enhanced computed tomography (CECT). The training group included 455 patients (97 with and 358 without LNM) and the testing group included 194 patients (41 with and 153 without LNM). The least absolute shrinkage and selection operator (LASSO) algorithm was used for radiomic feature selection. The random forest (RF) was used for model development. Three models (a clinical model, a radiomics model, and a combined model) were developed to predict LNM in early stage NSCLC patients. The area under the receiver operating characteristic (ROC) curve (AUC) value and decision curve analysis were used to evaluate the performance in LNM status (with or without LNM) using the three models. RESULTS: The ROC analysis (also decision curve analysis) showed predictive performance for LNM of the radiomics model (AUC values for training and testing, respectively 0.898 and 0.851) and of the combined model (0.911 and 0.860, respectively). Both performed better than the clinical model (0.739 and 0.614, respectively; delong test p-values both<0.001). CONCLUSION: A radiomics model using the venous phase of CE-CT has potential for predicting LNM in pre-surgical CT-based stage IA NSCLC patients.",ct,classification,0,0,0
Wavelet decomposition facilitates training on small datasets for medical image classification by deep learning,"The adoption of low-dose computed tomography (LDCT) as the standard of care for lung cancer screening results in decreased mortality rates in high-risk population while increasing false-positive rate. Convolutional neural networks provide an ideal opportunity to improve malignant nodule detection; however, due to the lack of large adjudicated medical datasets these networks suffer from poor generalizability and overfitting. Using computed tomography images of the thorax from the National Lung Screening Trial (NLST), we compared discrete wavelet transforms (DWTs) against convolutional layers found in a CNN in order to evaluate their ability to classify suspicious lung nodules as either malignant or benign. We explored the use of the DWT as an alternative to the convolutional operations within CNNs in order to decrease the number of parameters to be estimated during training and reduce the risk of overfitting. We found that multi-level DWT performed better than convolutional layers when multiple kernel resolutions were utilized, yielding areas under the receiver-operating curve (AUC) of 94% and 92%, respectively. Furthermore, we found that multi-level DWT reduced the number of network parameters requiring evaluation when compared to a CNN and had a substantially faster convergence rate. We conclude that utilizing multi-level DWT composition in place of early convolutional layers within a DNN may improve for image classification in data-limited domains.",ct,classification,1,0,1
RCoNet: Deformable Mutual Information Maximization and High-Order Uncertainty-Aware Learning for Robust COVID-19 Detection,"The novel 2019 Coronavirus (COVID-19) infection has spread worldwide and is currently a major healthcare challenge around the world. Chest computed tomography (CT) and X-ray images have been well recognized to be two effective techniques for clinical COVID-19 disease diagnoses. Due to faster imaging time and considerably lower cost than CT, detecting COVID-19 in chest X-ray (CXR) images is preferred for efficient diagnosis, assessment, and treatment. However, considering the similarity between COVID-19 and pneumonia, CXR samples with deep features distributed near category boundaries are easily misclassified by the hyperplanes learned from limited training data. Moreover, most existing approaches for COVID-19 detection focus on the accuracy of prediction and overlook uncertainty estimation, which is particularly important when dealing with noisy datasets. To alleviate these concerns, we propose a novel deep network named RCoNet (k)(s) for robust COVID-19 detection which employs Deformable Mutual Information Maximization (DeIM), Mixed High-order Moment Feature (MHMF), and Multiexpert Uncertainty-aware Learning (MUL). With DeIM, the mutual information (MI) between input data and the corresponding latent representations can be well estimated and maximized to capture compact and disentangled representational characteristics. Meanwhile, MHMF can fully explore the benefits of using high-order statistics and extract discriminative features of complex distributions in medical imaging. Finally, MUL creates multiple parallel dropout networks for each CXR image to evaluate uncertainty and thus prevent performance degradation caused by the noise in the data. The experimental results show that RCoNet (k)(s) achieves the state-of-the-art performance on an open-source COVIDx dataset of 15 134 original CXR images across several metrics. Crucially, our method is shown to be more effective than existing methods with the presence of noise in the data.",xr,classification,1,0,0
Recognition of COVID-19 from CT Scans Using Two-Stage Deep-Learning-Based Approach: CNR-IEMN,"Since the appearance of the COVID-19 pandemic (at the end of 2019, Wuhan, China), the recognition of COVID-19 with medical imaging has become an active research topic for the machine learning and computer vision community. This paper is based on the results obtained from the 2021 COVID-19 SPGC challenge, which aims to classify volumetric CT scans into normal, COVID-19, or community-acquired pneumonia (Cap) classes. To this end, we proposed a deep-learning-based approach (CNR-IEMN) that consists of two main stages. In the first stage, we trained four deep learning architectures with a multi-tasks strategy for slice-level classification. In the second stage, we used the previously trained models with an XG-boost classifier to classify the whole CT scan into normal, COVID-19, or Cap classes. Our approach achieved a good result on the validation set, with an overall accuracy of 87.75% and 96.36%, 52.63%, and 95.83% sensitivities for COVID-19, Cap, and normal, respectively. On the other hand, our approach achieved fifth place on the three test datasets of SPGC in the COVID-19 challenge, where our approach achieved the best result for COVID-19 sensitivity. In addition, our approach achieved second place on two of the three testing sets.",ct,classification,1,0,1
Learning-to-augment strategy using noisy and denoised data: Improving generalizability of deep CNN for the detection of COVID-19 in X-ray images,"Chest X-ray images are used in deep convolutional neural networks for the detection of COVID-19, the greatest human challenge of the 21st century. Robustness to noise and improvement of generalization are the major challenges in designing these networks. In this paper, we introduce a strategy for data augmentation using the determination of the type and value of noise density to improve the robustness and generalization of deep CNNs for COVID-19 detection. Firstly, we present a learning-to-augment approach that generates new noisy variants of the original image data with optimized noise density. We apply a Bayesian optimization technique to control and choose the optimal noise type and its parameters. Secondly, we propose a novel data augmentation strategy, based on denoised X-ray images, that uses the distance between denoised and original pixels to generate new data. We develop an autoencoder model to create new data using denoised images corrupted by the Gaussian and impulse noise. A database of chest X-ray images, containing COVID-19 positive, healthy, and non-COVID pneumonia cases, is used to fine-tune the pre-trained networks (AlexNet, ShuffleNet, ResNet18, and GoogleNet). The proposed method performs better results compared to the state-of-the-art learning to augment strategies in terms of sensitivity (0.808), specificity (0.915), and F-Measure (0.737). The source code of the proposed method is available at https://github.com/mohamadmomeny/Learning-to-augment-strategy.",xr,classification,1,0,0
Detection Methods of COVID-19,"Since being first detected in China, coronavirus disease 2019 (COVID-19) has spread rapidly across the world, triggering a global pandemic with no viable cure in sight. As a result, national responses have focused on the effective minimization of the spread. Border control measures and travel restrictions have been implemented in a number of countries to limit the import and export of the virus. The detection of COVID-19 is a key task for physicians. The erroneous results of early laboratory tests and their delays led researchers to focus on different options. Information obtained from computed tomography (CT) and radiological images is important for clinical diagnosis. Therefore, it is worth developing a rapid method of detection of viral diseases through the analysis of radiographic images. We propose a novel method of detection of COVID-19. The purpose is to provide clinical decision support to healthcare workers and researchers. The article is to support researchers working on early detection of COVID-19 as well as similar viral diseases.",xr,classification,1,0,0
Computer-Aided Detection System for the Classification of Non-Small Cell Lung Lesions using SVM,"INTRODUCTION: Lung carcinoma is the most commonly cancer causing deaths throughout the world that mainly occurs due to smoking. Small cell lung cancer and Non-small cell lung cancer (NSCLC) are the two different types of Lung cancer. For the detection and classification of lung cancer, there are different techniques in the literature. METHODS: This paper emphasis on the three class classification of the Adenocarcinomas, Squamous cell carcinomas, and large cell carcinomas of NSCLC. For precise and superior results, Computer Aided Detection (CADe) system has been designed so that the radiologist can diagnose carcinoma in the ultrasonic images conveniently. CADe analyses the quality of the images, selects the region of interest, preprocesses the data, extracts the features and classifies the cancer. RESULTS: After exhaustive literature survey, Laws' mask features and SVM classifier with Gaussian RBF kernels have been used in this paper. The experimentation was performed on 92 images using 50% - 50% training and testing criteria. CONCLUSION: Comparative study reveals that our system for separating three class lung cancer provides 95.65% average accuracy for Laws' mask 3 dimensions using the SVM classifier that is maximum among the existing methods reported in the literature using the same dataset.",ct,classification,0,0,0
AIR-Net: A novel multi-task learning method with auxiliary image reconstruction for predicting EGFR mutation status on CT images of NSCLC patients,"Automated and accurate EGFR mutation status prediction using computed tomography (CT) imagery is of great value for tailoring optimal treatments to non-small cell lung cancer (NSCLC) patients. However, existing deep learning based methods usually adopt a single task learning strategy to design and train EGFR mutation status prediction models with limited training data, which may be insufficient to learn distinguishable representations for promoting prediction performance. In this paper, a novel multi-task learning method named AIR-Net is proposed to precisely predict EGFR mutation status on CT images. First, an auxiliary image reconstruction task is effectively integrated with EGFR mutation status prediction, aiming at providing extra supervision at the training phase. Particularly, we adequately employ multi-level information in a shared encoder to generate more comprehensive representations of tumors. Second, a powerful feature consistency loss is further introduced to constrain semantic consistency of original and reconstructed images, which contributes to enhanced image reconstruction and offers more effective regularization to AIR-Net during training. Performance analysis of AIR-Net indicates that auxiliary image reconstruction plays an essential role in identifying EGFR mutation status. Furthermore, extensive experimental results demonstrate that our method achieves favorable performance against other competitive prediction methods. All the results executed in this study suggest that the effectiveness and superiority of AIR-Net in precisely predicting EGFR mutation status of NSCLC.",ct,classification,1,0,1
A hybrid CNN feature model for pulmonary nodule malignancy risk differentiation,"The malignancy risk differentiation of pulmonary nodule is one of the most challenge tasks of computer-aided diagnosis (CADx). Most recently reported CADx methods or schemes based on texture and shape estimation have shown relatively satisfactory on differentiating the risk level of malignancy among the nodules detected in lung cancer screening. However, the existing CADx schemes tend to detect and analyze characteristics of pulmonary nodules from a statistical perspective according to local features only. Enlightened by the currently prevailing learning ability of convolutional neural network (CNN), which simulates human neural network for target recognition and our previously research on texture features, we present a hybrid model that takes into consideration of both global and local features for pulmonary nodule differentiation using the largest public database founded by the Lung Image Database Consortium and Image Database Resource Initiative (LIDC-IDRI). By comparing three types of CNN models in which two of them were newly proposed by us, we observed that the multi-channel CNN model yielded the best discrimination in capacity of differentiating malignancy risk of the nodules based on the projection of distributions of extracted features. Moreover, CADx scheme using the new multi-channel CNN model outperformed our previously developed CADx scheme using the 3D texture feature analysis method, which increased the computed area under a receiver operating characteristic curve (AUC) from 0.9441 to 0.9702.",ct,classification,1,0,1
Multi-resolution convolutional networks for chest X-ray radiograph based lung nodule detection,"Lung cancer is the leading cause of cancer death worldwide. Early detection of lung cancer is helpful to provide the best possible clinical treatment for patients. Due to the limited number of radiologist and the huge number of chest x-ray radiographs (CXR) available for observation, a computer-aided detection scheme should be developed to assist radiologists in decision-making. While deep learning showed state-of-the-art performance in several computer vision applications, it has not been used for lung nodule detection on CXR. In this paper, a deep learning-based lung nodule detection method was proposed. We employed patch-based multi-resolution convolutional networks to extract the features and employed four different fusion methods for classification. The proposed method shows much better performance and is much more robust than those previously reported researches. For publicly available Japanese Society of Radiological Technology (JSRT) database, more than 99% of lung nodules can be detected when the false positives per image (FPs/image) was 0.2. The FAUC and R-CPM of the proposed method were 0.982 and 0.987, respectively. The proposed approach has the potential of applications in clinical practice.",xr,classification,1,0,0
Automated Pulmonary Nodule Classification in Computed Tomography Images Using a Deep Convolutional Neural Network Trained by Generative Adversarial Networks,"Lung cancer is a leading cause of death worldwide. Although computed tomography (CT) examinations are frequently used for lung cancer diagnosis, it can be difficult to distinguish between benign and malignant pulmonary nodules on the basis of CT images alone. Therefore, a bronchoscopic biopsy may be conducted if malignancy is suspected following CT examinations. However, biopsies are highly invasive, and patients with benign nodules may undergo many unnecessary biopsies. To prevent this, an imaging diagnosis with high classification accuracy is essential. In this study, we investigate the automated classification of pulmonary nodules in CT images using a deep convolutional neural network (DCNN). We use generative adversarial networks (GANs) to generate additional images when only small amounts of data are available, which is a common problem in medical research, and evaluate whether the classification accuracy is improved by generating a large amount of new pulmonary nodule images using the GAN. Using the proposed method, CT images of 60 cases with confirmed pathological diagnosis by biopsy are analyzed. The benign nodules assessed in this study are difficult for radiologists to differentiate because they cannot be rejected as being malignant. A volume of interest centered on the pulmonary nodule is extracted from the CT images, and further images are created using axial sections and augmented data. The DCNN is trained using nodule images generated by the GAN and then fine-tuned using the actual nodule images to allow the DCNN to distinguish between benign and malignant nodules. This pretraining and fine-tuning process makes it possible to distinguish 66.7% of benign nodules and 93.9% of malignant nodules. These results indicate that the proposed method improves the classification accuracy by approximately 20% in comparison with training using only the original images.",ct,classification,1,0,1
Development and Validation of a Deep Learning-based Automatic Detection Algorithm for Active Pulmonary Tuberculosis on Chest Radiographs,"BACKGROUND: Detection of active pulmonary tuberculosis on chest radiographs (CRs) is critical for the diagnosis and screening of tuberculosis. An automated system may help streamline the tuberculosis screening process and improve diagnostic performance. METHODS: We developed a deep learning-based automatic detection (DLAD) algorithm using 54c221 normal CRs and 6768 CRs with active pulmonary tuberculosis that were labeled and annotated by 13 board-certified radiologists. The performance of DLAD was validated using 6 external multicenter, multinational datasets. To compare the performances of DLAD with physicians, an observer performance test was conducted by 15 physicians including nonradiology physicians, board-certified radiologists, and thoracic radiologists. Image-wise classification and lesion-wise localization performances were measured using area under the receiver operating characteristic (ROC) curves and area under the alternative free-response ROC curves, respectively. Sensitivities and specificities of DLAD were calculated using 2 cutoffs (high sensitivity [98%] and high specificity [98%]) obtained through in-house validation. RESULTS: DLAD demonstrated classification performance of 0.977-1.000 and localization performance of 0.973-1.000. Sensitivities and specificities for classification were 94.3%-100% and 91.1%-100% using the high-sensitivity cutoff and 84.1%-99.0% and 99.1%-100% using the high-specificity cutoff. DLAD showed significantly higher performance in both classification (0.993 vs 0.746-0.971) and localization (0.993 vs 0.664-0.925) compared to all groups of physicians. CONCLUSIONS: Our DLAD demonstrated excellent and consistent performance in the detection of active pulmonary tuberculosis on CR, outperforming physicians, including thoracic radiologists.",xr,classification,1,0,0
Clinical evaluation of atlas and deep learning based automatic contouring for lung cancer,"BACKGROUND AND PURPOSE: Contouring of organs at risk (OARs) is an important but time consuming part of radiotherapy treatment planning. The aim of this study was to investigate whether using institutional created software-generated contouring will save time if used as a starting point for manual OAR contouring for lung cancer patients. MATERIAL AND METHODS: Twenty CT scans of stage I-III NSCLC patients were used to compare user adjusted contours after an atlas-based and deep learning contour, against manual delineation. The lungs, esophagus, spinal cord, heart and mediastinum were contoured for this study. The time to perform the manual tasks was recorded. RESULTS: With a median time of 20 min for manual contouring, the total median time saved was 7.8 min when using atlas-based contouring and 10 min for deep learning contouring. Both atlas based and deep learning adjustment times were significantly lower than manual contouring time for all OARs except for the left lung and esophagus of the atlas based contouring. CONCLUSIONS: User adjustment of software generated contours is a viable strategy to reduce contouring time of OARs for lung radiotherapy while conforming to local clinical standards. In addition, deep learning contouring shows promising results compared to existing solutions.",ct,segmentation,1,0,0
Towards automatic pulmonary nodule management in lung cancer screening with deep learning,"The introduction of lung cancer screening programs will produce an unprecedented amount of chest CT scans in the near future, which radiologists will have to read in order to decide on a patient follow-up strategy. According to the current guidelines, the workup of screen-detected nodules strongly relies on nodule size and nodule type. In this paper, we present a deep learning system based on multi-stream multi-scale convolutional networks, which automatically classifies all nodule types relevant for nodule workup. The system processes raw CT data containing a nodule without the need for any additional information such as nodule segmentation or nodule size and learns a representation of 3D data by analyzing an arbitrary number of 2D views of a given nodule. The deep learning system was trained with data from the Italian MILD screening trial and validated on an independent set of data from the Danish DLCST screening trial. We analyze the advantage of processing nodules at multiple scales with a multi-stream convolutional network architecture, and we show that the proposed deep learning system achieves performance at classifying nodule type that surpasses the one of classical machine learning approaches and is within the inter-observer variability among four experienced human observers.",ct,classification,1,0,1
3D multi-view convolutional neural networks for lung nodule classification,"The 3D convolutional neural network (CNN) is able to make full use of the spatial 3D context information of lung nodules, and the multi-view strategy has been shown to be useful for improving the performance of 2D CNN in classifying lung nodules. In this paper, we explore the classification of lung nodules using the 3D multi-view convolutional neural networks (MV-CNN) with both chain architecture and directed acyclic graph architecture, including 3D Inception and 3D Inception-ResNet. All networks employ the multi-view-one-network strategy. We conduct a binary classification (benign and malignant) and a ternary classification (benign, primary malignant and metastatic malignant) on Computed Tomography (CT) images from Lung Image Database Consortium and Image Database Resource Initiative database (LIDC-IDRI). All results are obtained via 10-fold cross validation. As regards the MV-CNN with chain architecture, results show that the performance of 3D MV-CNN surpasses that of 2D MV-CNN by a significant margin. Finally, a 3D Inception network achieved an error rate of 4.59% for the binary classification and 7.70% for the ternary classification, both of which represent superior results for the corresponding task. We compare the multi-view-one-network strategy with the one-view-one-network strategy. The results reveal that the multi-view-one-network strategy can achieve a lower error rate than the one-view-one-network strategy.",ct,classification,1,0,1
Convolutional Neural Networks in Predicting Nodal and Distant Metastatic Potential of Newly Diagnosed Non-Small Cell Lung Cancer on FDG PET Images,"OBJECTIVE. The purpose of this study was to assess, by analyzing features of the primary tumor with (18)F-FDG PET, the utility of deep machine learning with a convolutional neural network (CNN) in predicting the potential of newly diagnosed non-small cell lung cancer (NSCLC) to metastasize to lymph nodes or distant sites. MATERIALS AND METHODS. Consecutively registered patients with newly diagnosed, untreated NSCLC were retrospectively included in a single-center study. PET images were segmented with local image features extraction software, and data were used for CNN training and validation after data augmentation strategies were used. The standard of reference for designation of N category was invasive lymph node sampling or 6-month follow-up imaging. Distant metastases developing during the study follow-up period were assessed by imaging (CT or PET/CT), in tissue obtained from new suspected sites of disease, and according to the treating oncologist's designation. RESULTS. A total of 264 patients with NSCLC participated in follow-up for a median of 25.2 months (range, 6-43 months). N category designations were available for 223 of 264 (84.5%) patients, and M category for all 264. The sensitivity, specificity, and accuracy of CNN for predicting node positivity were 0.74 ± 0.32, 0.84 ± 0.16, and 0.80 ± 0.17. The corresponding values for predicting distant metastases were 0.45 ± 0.08, 0.79 ± 0.06, and 0.63 ± 0.05. CONCLUSION. This study showed that using a CNN to analyze segmented PET images of patients with previously untreated NSCLC can yield moderately high accuracy for designation of N category, although this may be insufficient to preclude invasive lymph node sampling. The sensitivity of the CNN in predicting distant metastases is fairly poor, although specificity is moderately high.",pet,"segmentation, classification",1,0,0
Deep semantic lung segmentation for tracking potential pulmonary perfusion biomarkers in chronic obstructive pulmonary disease (COPD): The multi-ethnic study of atherosclerosis COPD study,"BACKGROUND: Chronic obstructive pulmonary disease (COPD) is associated with high morbidity and mortality. Identification of imaging biomarkers for phenotyping is necessary for future treatment and therapy monitoring. However, translation of visual analytic pipelines into clinics or their use in large-scale studies is significantly slowed by time-consuming postprocessing steps. PURPOSE: To implement an automated tool chain for regional quantification of pulmonary microvascular blood flow in order to reduce analysis time and user variability. STUDY TYPE: Prospective. POPULATION: In all, 90 MRI scans of 63 patients, of which 31 had a COPD with a mean Global Initiative for Chronic Obstructive Lung Disease status of 1.9 ± 0.64 (μ ± σ). FIELD STRENGTH/SEQUENCE: 1.5T dynamic gadolinium-enhanced MRI measurement using 4D dynamic contrast material-enhanced (DCE) time-resolved angiography acquired in a single breath-hold in inspiration. [Correction added on August 20, 2019, after first online publication: The field strength in the preceding sentence was corrected.] ASSESSMENT: We built a 3D convolutional neural network for semantic segmentation using 29 manually segmented perfusion maps. All five lobes of the lung are denoted, including the middle lobe. Evaluation was performed on 61 independent cases from two sites of the Multi-Ethnic Study of Arteriosclerosis (MESA)-COPD study. We publish our implementation of a model-free deconvolution filter according to Sourbron et al for 4D DCE MRI scans as open source. STATISTICAL TEST: Cross-validation 29/61 (# training / # testing), intraclass correlation coefficient (ICC), Spearman ρ, Pearson r, Sørensen-Dice coefficient, and overlap. RESULTS: Segmentations and derived clinical parameters were processed in ~90 seconds per case on a Xeon E5-2637v4 workstation with Tesla P40 GPUs. Clinical parameters and predicted segmentations exhibit high concordance with the ground truth regarding median perfusion for all lobes with an ICC of 0.99 and a Sørensen-Dice coefficient of 93.4 ± 2.8 (μ ± σ). DATA CONCLUSION: We present a robust end-to-end pipeline that allows for the extraction of perfusion-based biomarkers for all lung lobes in 4D DCE MRI scans by combining model-free deconvolution with deep learning. LEVEL OF EVIDENCE: 3 Technical Efficacy: Stage 2 J. Magn. Reson. Imaging 2020;51:571-579.",mri,segmentation,1,0,0
The Influence of a Coherent Annotation and Synthetic Addition of Lung Nodules for Lung Segmentation in CT Scans,"Lung cancer is a highly prevalent pathology and a leading cause of cancer-related deaths. Most patients are diagnosed when the disease has manifested itself, which usually is a sign of lung cancer in an advanced stage and, as a consequence, the 5-year survival rates are low. To increase the chances of survival, improving the cancer early detection capacity is crucial, for which computed tomography (CT) scans represent a key role. The manual evaluation of the CTs is a time-consuming task and computer-aided diagnosis (CAD) systems can help relieve that burden. The segmentation of the lung is one of the first steps in these systems, yet it is very challenging given the heterogeneity of lung diseases usually present and associated with cancer development. In our previous work, a segmentation model based on a ResNet34 and U-Net combination was developed on a cross-cohort dataset that yielded good segmentation masks for multiple pathological conditions but misclassified some of the lung nodules. The multiple datasets used for the model development were originated from different annotation protocols, which generated inconsistencies for the learning process, and the annotations are usually not adequate for lung cancer studies since they did not comprise lung nodules. In addition, the initial datasets used for training presented a reduced number of nodules, which was showed not to be enough to allow the segmentation model to learn to include them as a lung part. In this work, an objective protocol for the lung mask's segmentation was defined and the previous annotations were carefully reviewed and corrected to create consistent and adequate ground-truth masks for the development of the segmentation model. Data augmentation with domain knowledge was used to create lung nodules in the cases used to train the model. The model developed achieved a Dice similarity coefficient (DSC) above 0.9350 for all test datasets and it showed an ability to cope, not only with a variety of lung patterns, but also with the presence of lung nodules as well. This study shows the importance of using consistent annotations for the supervised learning process, which is a very time-consuming task, but that has great importance to healthcare applications. Due to the lack of massive datasets in the medical field, which consequently brings a lack of wide representativity, data augmentation with domain knowledge could represent a promising help to overcome this limitation for learning models development.",ct,segmentation,1,0,0
COV-DLS: Prediction of COVID-19 from X-Rays Using Enhanced Deep Transfer Learning Techniques,"In this paper, modifications in neoteric architectures such as VGG16, VGG19, ResNet50, and InceptionV3 are proposed for the classification of COVID-19 using chest X-rays. The proposed architectures termed ""COV-DLS"" consist of two phases: heading model construction and classification. The heading model construction phase utilizes four modified deep learning architectures, namely Modified-VGG16, Modified-VGG19, Modified-ResNet50, and Modified-InceptionV3. An attempt is made to modify these neoteric architectures by incorporating the average pooling and dense layers. The dropout layer is also added to prevent the overfitting problem. Two dense layers with different activation functions are also added. Thereafter, the output of these modified models is applied during the classification phase, when COV-DLS are applied on a COVID-19 chest X-ray image data set. Classification accuracy of 98.61% is achieved by Modified-VGG16, 97.22% by Modified-VGG19, 95.13% by Modified-ResNet50, and 99.31% by Modified-InceptionV3. COV-DLS outperforms existing deep learning models in terms of accuracy and F1-score.",xr,classification,1,0,0
Artificial intelligence-enabled rapid diagnosis of patients with COVID-19,"For diagnosis of coronavirus disease 2019 (COVID-19), a SARS-CoV-2 virus-specific reverse transcriptase polymerase chain reaction (RT-PCR) test is routinely used. However, this test can take up to 2 d to complete, serial testing may be required to rule out the possibility of false negative results and there is currently a shortage of RT-PCR test kits, underscoring the urgent need for alternative methods for rapid and accurate diagnosis of patients with COVID-19. Chest computed tomography (CT) is a valuable component in the evaluation of patients with suspected SARS-CoV-2 infection. Nevertheless, CT alone may have limited negative predictive value for ruling out SARS-CoV-2 infection, as some patients may have normal radiological findings at early stages of the disease. In this study, we used artificial intelligence (AI) algorithms to integrate chest CT findings with clinical symptoms, exposure history and laboratory testing to rapidly diagnose patients who are positive for COVID-19. Among a total of 905 patients tested by real-time RT-PCR assay and next-generation sequencing RT-PCR, 419 (46.3%) tested positive for SARS-CoV-2. In a test set of 279 patients, the AI system achieved an area under the curve of 0.92 and had equal sensitivity as compared to a senior thoracic radiologist. The AI system also improved the detection of patients who were positive for COVID-19 via RT-PCR who presented with normal CT scans, correctly identifying 17 of 25 (68%) patients, whereas radiologists classified all of these patients as COVID-19 negative. When CT scans and associated clinical history are available, the proposed AI system can help to rapidly diagnose COVID-19 patients.",ct,classification,1,0,1
An aggregate method for thorax diseases classification,"A common problem found in real-word medical image classification is the inherent imbalance of the positive and negative patterns in the dataset where positive patterns are usually rare. Moreover, in the classification of multiple classes with neural network, a training pattern is treated as a positive pattern in one output node and negative in all the remaining output nodes. In this paper, the weights of a training pattern in the loss function are designed based not only on the number of the training patterns in the class but also on the different nodes where one of them treats this training pattern as positive and the others treat it as negative. We propose a combined approach of weights calculation algorithm for deep network training and the training optimization from the state-of-the-art deep network architecture for thorax diseases classification problem. Experimental results on the Chest X-Ray image dataset demonstrate that this new weighting scheme improves classification performances, also the training optimization from the EfficientNet improves the performance furthermore. We compare the aggregate method with several performances from the previous study of thorax diseases classifications to provide the fair comparisons against the proposed method.",xr,classification,1,0,0
Evaluating Deep Neural Network Architectures with Transfer Learning for Pneumonitis Diagnosis,"Pneumonitis is an infectious disease that causes the inflammation of the air sac. It can be life-threatening to the very young and elderly. Detection of pneumonitis from X-ray images is a significant challenge. Early detection and assistance with diagnosis can be crucial. Recent developments in the field of deep learning have significantly improved their performance in medical image analysis. The superior predictive performance of the deep learning methods makes them ideal for pneumonitis classification from chest X-ray images. However, training deep learning models can be cumbersome and resource-intensive. Reusing knowledge representations of public models trained on large-scale datasets through transfer learning can help alleviate these challenges. In this paper, we compare various image classification models based on transfer learning with well-known deep learning architectures. The Kaggle chest X-ray dataset was used to evaluate and compare our models. We apply basic data augmentation and fine-tune our feed-forward classification head on the models pretrained on the ImageNet dataset. We observed that the DenseNet201 model outperforms other models with an AUROC score of 0.966 and a recall score of 0.99. We also visualize the class activation maps from the DenseNet201 model to interpret the patterns recognized by the model for prediction.",xr,classification,1,0,0
Differentiation between immune checkpoint inhibitor-related and radiation pneumonitis in lung cancer by CT radiomics and machine learning,"PURPOSE: Consolidation immunotherapy after completion of chemoradiotherapy has become the standard of care for unresectable locally advanced non-small cell lung cancer and can induce potentially severe and life-threatening adverse events, including both immune checkpoint inhibitor-related pneumonitis (CIP) and radiation pneumonitis (RP), which are very challenging for radiologists to diagnose. Differentiating between CIP and RP has significant implications for clinical management such as the treatments for pneumonitis and the decision to continue or restart immunotherapy. The purpose of this study is to differentiate between CIP and RP by a CT radiomics approach. METHODS: We retrospectively collected the CT images and clinical information of patients with pneumonitis who received immune checkpoint inhibitor (ICI) only (n = 28), radiotherapy (RT) only (n = 31), and ICI+RT (n = 14). Three kinds of radiomic features (intensity histogram, gray-level co-occurrence matrix [GLCM] based, and bag-of-words [BoW] features) were extracted from CT images, which characterize tissue texture at different scales. Classification models, including logistic regression, random forest, and linear SVM, were first developed and tested in patients who received ICI or RT only with 10-fold cross-validation and further tested in patients who received ICI+RT using clinicians' diagnosis as a reference. RESULTS: Using 10-fold cross-validation, the classification models built on the intensity histogram features, GLCM-based features, and BoW features achieved an area under curve (AUC) of 0.765, 0.848, and 0.937, respectively. The best model was then applied to the patients receiving combination treatment, achieving an AUC of 0.896. CONCLUSIONS: This study demonstrates the promising potential of radiomic analysis of CT images for differentiating between CIP and RP in lung cancer, which could be a useful tool to attribute the cause of pneumonitis in patients who receive both ICI and RT.",ct,classification,0,0,0
Lung Nodule Detection in CT Images Using a Raw Patch-Based Convolutional Neural Network,"Remarkable progress has been made in image classification and segmentation, due to the recent study of deep convolutional neural networks (CNNs). To solve the similar problem of diagnostic lung nodule detection in low-dose computed tomography (CT) scans, we propose a new Computer-Aided Detection (CAD) system using CNNs and CT image segmentation techniques. Unlike former studies focusing on the classification of malignant nodule types or relying on prior image processing, in this work, we put raw CT image patches directly in CNNs to reduce the complexity of the system. Specifically, we split each CT image into several patches, which are divided into 6 types consisting of 3 nodule types and 3 non-nodule types. We compare the performance of ResNet with different CNNs architectures on CT images from a publicly available dataset named the Lung Image Database Consortium and Image Database Resource Initiative (LIDC-IDRI). Results show that our best model reaches a high detection sensitivity of 92.8% with 8 false positives per scan (FPs/scan). Compared with related work, our work obtains a state-of-the-art effect.",ct,classification,1,0,1
Deep Learning for the Classification of Small (≤2 cm) Pulmonary Nodules on CT Imaging: A Preliminary Study,"RATIONALE AND OBJECTIVES: We aimed to present a deep learning-based malignancy prediction model (CT-lungNET) that is simpler and faster to use in the diagnosis of small (≤2 cm) pulmonary nodules on nonenhanced chest CT and to preliminarily evaluate its performance and usefulness for human reviewers. MATERIALS AND METHODS: A total of 173 whole nonenhanced chest CT images containing 208 pulmonary nodules (94 malignant and 11 benign nodules) ranging in size from 5 mm to 20 mm were collected. Pathologically confirmed nodules or nodules that remained unchanged for more than 1 year were included, and 30 benign and 30 malignant nodules were randomly assigned into the test set. We designed CT-lungNET to include three convolutional layers followed by two fully-connected layers and compared its diagnostic performance and processing time with those of AlexNET by using the area under the receiver operating curve (AUROC). An observer performance test was conducted involving eight human reviewers of four different groups (medical students, physicians, radiologic residents, and thoracic radiologists) at test 1 and test 2, referring to the CT-lungNET's malignancy prediction rate with pairwise comparison receiver operating curve analysis. RESULTS: CT-lungNET showed an improved AUROC (0.85; 95% confidence interval: 0.74-0.93), compared to that of the AlexNET (0.82; 95% confidence interval: 0.71-0.91). The processing speed per one image slice for CT-lungNET was about 10 times faster than that for AlexNET (0.90 vs. 8.79 seconds). During the observer performance test, the classification performance of nonradiologists was increased with the aid of CTlungNET, (mean AUC improvement: 0.13; range: 0.03-0.19) but not significantly so in the radiologists group (mean AUC improvement: 0.02; range: -0.02 to 0.07). CONCLUSION: CT-lungNET was able to provide better classification results with a significantly shorter amount of processing time as compared to AlexNET in the diagnosis of small pulmonary nodules on nonenhanced chest CT. In this preliminary observer performance test, CT-lungNET may have a role acting as a second reviewer for less experienced reviewers, resulting in enhanced performance in the diagnosis of early lung cancer.",ct,classification,1,0,1
Prospective Case-Control Study of Cardiovascular Abnormalities 6 Months Following Mild COVID-19 in Healthcare Workers,"OBJECTIVES: The purpose of this study was to detect cardiovascular changes after mild severe acute respiratory syndrome-coronavirus-2 infection. BACKGROUND: Concern exists that mild coronavirus disease 2019 may cause myocardial and vascular disease. METHODS: Participants were recruited from COVIDsortium, a 3-hospital prospective study of 731 health care workers who underwent first-wave weekly symptom, polymerase chain reaction, and serology assessment over 4 months, with seroconversion in 21.5% (n = 157). At 6 months post-infection, 74 seropositive and 75 age-, sex-, and ethnicity-matched seronegative control subjects were recruited for cardiovascular phenotyping (comprehensive phantom-calibrated cardiovascular magnetic resonance and blood biomarkers). Analysis was blinded, using objective artificial intelligence analytics where available. RESULTS: A total of 149 subjects (mean age 37 years, range 18 to 63 years, 58% women) were recruited. Seropositive infections had been mild with case definition, noncase definition, and asymptomatic disease in 45 (61%), 18 (24%), and 11 (15%), respectively, with 1 person hospitalized (for 2 days). Between seropositive and seronegative groups, there were no differences in cardiac structure (left ventricular volumes, mass, atrial area), function (ejection fraction, global longitudinal shortening, aortic distensibility), tissue characterization (T(1), T(2), extracellular volume fraction mapping, late gadolinium enhancement) or biomarkers (troponin, N-terminal pro-B-type natriuretic peptide). With abnormal defined by the 75 seronegatives (2 SDs from mean, e.g., ejection fraction <54%, septal T(1) >1,072 ms, septal T(2) >52.4 ms), individuals had abnormalities including reduced ejection fraction (n = 2, minimum 50%), T(1) elevation (n = 6), T(2) elevation (n = 9), late gadolinium enhancement (n = 13, median 1%, max 5% of myocardium), biomarker elevation (borderline troponin elevation in 4; all N-terminal pro-B-type natriuretic peptide normal). These were distributed equally between seropositive and seronegative individuals. CONCLUSIONS: Cardiovascular abnormalities are no more common in seropositive versus seronegative otherwise healthy, workforce representative individuals 6 months post-mild severe acute respiratory syndrome-coronavirus-2 infection.",mri,detection,1,1,0
Texture feature-based machine learning classifier could assist in the diagnosis of COVID-19,"PURPOSE: Differentiating COVID-19 from other acute infectious pneumonias rapidly is challenging at present. This study aims to improve the diagnosis of COVID-19 using computed tomography (CT). METHOD: COVID-19 was confirmed mainly by virus nucleic acid testing and epidemiological history according to WHO interim guidance, while other infectious pneumonias were diagnosed by antigen testing. The texture features were extracted from CT images by two radiologists with 5 years of work experience using modified wavelet transform and matrix computation analyses. The random forest (RF) classifier was applied to identify COVID-19 patients and images. RESULTS: We retrospectively analysed the data of 95 individuals (291 images) with COVID-19 and 96 individuals (279 images) with other acute infectious pneumonias, including 50 individuals (160 images) with influenza A/B. In total, 6 texture features showed a positive association with COVID-19, while 4 features were negatively associated. The mean AUROC, accuracy, sensitivity, and specificity values of the 5-fold test sets were 0.800, 0.722, 0.770, and 0.680 for image classification and 0.858, 0.826, 0.809, and 0.842 for individual classification, respectively. The feature 'Correlation' contributed most both at the image level and individual level, even compared with the clinical factors. In addition, the texture features could discriminate COVID-19 from influenza A/B, with an AUROC of 0.883 for images and 0.957 for individuals. CONCLUSIONS: The developed texture feature-based RF classifier could assist in the diagnosis of COVID-19, which could be a rapid screening tool in the era of pandemic.",ct,classification,0,0,0
Implementation of a Deep Learning-Based Computer-Aided Detection System for the Interpretation of Chest Radiographs in Patients Suspected for COVID-19,"OBJECTIVE: To describe the experience of implementing a deep learning-based computer-aided detection (CAD) system for the interpretation of chest X-ray radiographs (CXR) of suspected coronavirus disease (COVID-19) patients and investigate the diagnostic performance of CXR interpretation with CAD assistance. MATERIALS AND METHODS: In this single-center retrospective study, initial CXR of patients with suspected or confirmed COVID-19 were investigated. A commercialized deep learning-based CAD system that can identify various abnormalities on CXR was implemented for the interpretation of CXR in daily practice. The diagnostic performance of radiologists with CAD assistance were evaluated based on two different reference standards: 1) real-time reverse transcriptase-polymerase chain reaction (rRT-PCR) results for COVID-19 and 2) pulmonary abnormality suggesting pneumonia on chest CT. The turnaround times (TATs) of radiology reports for CXR and rRT-PCR results were also evaluated. RESULTS: Among 332 patients (male:female, 173:159; mean age, 57 years) with available rRT-PCR results, 16 patients (4.8%) were diagnosed with COVID-19. Using CXR, radiologists with CAD assistance identified rRT-PCR positive COVID-19 patients with sensitivity and specificity of 68.8% and 66.7%, respectively. Among 119 patients (male:female, 75:44; mean age, 69 years) with available chest CTs, radiologists assisted by CAD reported pneumonia on CXR with a sensitivity of 81.5% and a specificity of 72.3%. The TATs of CXR reports were significantly shorter than those of rRT-PCR results (median 51 vs. 507 minutes; p < 0.001). CONCLUSION: Radiologists with CAD assistance could identify patients with rRT-PCR-positive COVID-19 or pneumonia on CXR with a reasonably acceptable performance. In patients suspected with COVID-19, CXR had much faster TATs than rRT-PCRs.",xr,classification,1,0,0
"Determining Top Fully Connected Layer's Hidden Neuron Count for Transfer Learning, Using Knowledge Distillation: a Case Study on Chest X-Ray Classification of Pneumonia and COVID-19","Deep convolutional neural network (CNN)-assisted classification of images is one of the most discussed topics in recent years. Continuously innovation of neural network architectures is making it more correct and efficient every day. But training a neural network from scratch is very time-consuming and requires a lot of sophisticated computational equipment and power. So, using some pre-trained neural network as feature extractor for any image classification task or ""transfer learning"" is a very popular approach that saves time and computational power for practical use of CNNs. In this paper, an efficient way of building full model from any pre-trained model with high accuracy and low memory is proposed using knowledge distillation. Using the distilled knowledge of the last layer of pre-trained networks passes through fully connected layers with different hidden layers, followed by Softmax layer. The accuracies of student networks are mildly lesser than the whole models, but accuracy of student models clearly indicates the accuracy of the real network. In this way, the best number of hidden layers for dense layer for that pre-trained network with best accuracy and no-overfitting can be found with less time. Here, VGG16 and VGG19 (pre-trained upon ""ImageNet"" dataset) is tested upon chest X-rays (pneumonia and COVID-19). For finding the best total number of hidden layers, it saves nearly 44 min for VGG19 and 36 min and 37 s for VGG16 feature extractor.",xr,classification,1,0,0
A Novel Framework Based on Deep Learning and ANOVA Feature Selection Method for Diagnosis of COVID-19 Cases from Chest X-Ray Images,"Background and Objective. The new coronavirus disease (known as COVID-19) was first identified in Wuhan and quickly spread worldwide, wreaking havoc on the economy and people's everyday lives. As the number of COVID-19 cases is rapidly increasing, a reliable detection technique is needed to identify affected individuals and care for them in the early stages of COVID-19 and reduce the virus's transmission. The most accessible method for COVID-19 identification is Reverse Transcriptase-Polymerase Chain Reaction (RT-PCR); however, it is time-consuming and has false-negative results. These limitations encouraged us to propose a novel framework based on deep learning that can aid radiologists in diagnosing COVID-19 cases from chest X-ray images. Methods. In this paper, a pretrained network, DenseNet169, was employed to extract features from X-ray images. Features were chosen by a feature selection method, i.e., analysis of variance (ANOVA), to reduce computations and time complexity while overcoming the curse of dimensionality to improve accuracy. Finally, selected features were classified by the eXtreme Gradient Boosting (XGBoost). The ChestX-ray8 dataset was employed to train and evaluate the proposed method. Results and Conclusion. The proposed method reached 98.72% accuracy for two-class classification (COVID-19, No-findings) and 92% accuracy for multiclass classification (COVID-19, No-findings, and Pneumonia). The proposed method's precision, recall, and specificity rates on two-class classification were 99.21%, 93.33%, and 100%, respectively. Also, the proposed method achieved 94.07% precision, 88.46% recall, and 100% specificity for multiclass classification. The experimental results show that the proposed framework outperforms other methods and can be helpful for radiologists in the diagnosis of COVID-19 cases.",xr,classification,1,0,0
Application of logistic regression and convolutional neural network in prediction and diagnosis of high-risk populations of lung cancer,"OBJECTIVES: The early detection, early diagnosis, and early treatment of lung cancer are the best strategies to improve the 5-year survival rate. Logistic regression analysis can be a helpful tool in the early detection of high-risk groups of lung cancer. Convolutional neural network (CNN) could distinguish benign from malignant pulmonary nodules, which is critical for early precise diagnosis and treatment. Here, we developed a risk assessment model of lung cancer and a high-precision classification diagnostic model using these technologies so as to provide a basis for early screening of lung cancer and for intelligent differential diagnosis. METHODS: A total of 355 lung cancer patients, 444 patients with benign lung disease and 472 healthy people from The First Affiliated Hospital of Zhengzhou University were included in this study. Moreover, the dataset of 607 lung computed tomography images was collected from the above patients. The logistic regression method was employed to screen the high-risk groups of lung cancer, and the CNN model was designed to classify pulmonary nodules into benign or malignant nodules. RESULTS: The area under the curve of the lung cancer risk assessment model in the training set and the testing set were 0.823 and 0.710, respectively. After finely optimizing the settings of the CNN, the area under the curve could reach 0.984. CONCLUSIONS: This performance demonstrated that the lung cancer risk assessment model could be used to screen for high-risk individuals with lung cancer and the CNN framework was suitable for the differential diagnosis of pulmonary nodules.",ct,classification,1,0,1
Quantitative assessment of lung involvement on chest CT at admission: Impact on hypoxia and outcome in COVID-19 patients,"BACKGROUND: The aim of this study was to quantify COVID-19 pneumonia features using CT performed at time of admission to emergency department in order to predict patients' hypoxia during the hospitalization and outcome. METHODS: Consecutive chest CT performed in the emergency department between March 1st and April 7th 2020 for COVID-19 pneumonia were analyzed. The three features of pneumonia (GGO, semi-consolidation and consolidation) and the percentage of well-aerated lung were quantified using a HU threshold based software. ROC curves identified the optimal cut-off values of CT parameters to predict hypoxia worsening and hospital discharge. Multiple Cox proportional hazards regression was used to analyze the capability of CT quantitative features, demographic and clinical variables to predict the time to hospital discharge. RESULTS: Seventy-seven patients (median age 56-years-old, 51 men) with COVID-19 pneumonia at CT were enrolled. The quantitative features of COVID-19 pneumonia were not associated to age, sex and time-from-symptoms onset, whereas higher number of comorbidities was correlated to lower well-aerated parenchyma ratio (rho = -0.234, p = 0.04) and increased semi-consolidation ratio (rho = -0.303, p = 0.008). Well-aerated lung (≤57%), semi-consolidation (≥17%) and consolidation (≥9%) predicted worst hypoxemia during hospitalization, with moderate areas under curves (AUC 0.76, 0.75, 0.77, respectively). Multiple Cox regression identified younger age (p < 0.01), female sex (p < 0.001), longer time-from-symptoms onset (p = 0.049), semi-consolidation ≤17% (p < 0.01) and consolidation ≤13% (p = 0.03) as independent predictors of shorter time to hospital discharge. CONCLUSION: Quantification of pneumonia features on admitting chest CT predicted hypoxia worsening during hospitalization and time to hospital discharge in COVID-19 patients.",ct,survival,0,0,0
The deep learning model combining CT image and clinicopathological information for predicting ALK fusion status and response to ALK-TKI therapy in non-small cell lung cancer patients,"PURPOSE: This study aimed to investigate the deep learning model (DLM) combining computed tomography (CT) images and clinicopathological information for predicting anaplastic lymphoma kinase (ALK) fusion status in non-small cell lung cancer (NSCLC) patients. MATERIALS AND METHODS: Preoperative CT images, clinicopathological information as well as the ALK fusion status from 937 patients in three hospitals were retrospectively collected to train and validate the DLM for the prediction of ALK fusion status in tumors. Another cohort of patients (n = 91) received ALK tyrosine kinase inhibitor (TKI) treatment was also included to evaluate the value of the DLM in predicting the clinical outcomes of the patients. RESULTS: The performances of the DLM trained only by CT images in the primary and validation cohorts were AUC = 0.8046 (95% CI 0.7715-0.8378) and AUC = 0.7754 (95% CI 0.7199-0.8310), respectively, while the DLM trained by both CT images and clinicopathological information exhibited better performance for the prediction of ALK fusion status (AUC = 0.8540, 95% CI 0.8257-0.8823 in the primary cohort, p < 0.001; AUC = 0.8481, 95% CI 0.8036-0.8926 in the validation cohort, p < 0.001). In addition, the deep learning scores of the DLMs showed significant differences between the wild-type and ALK infusion tumors. In the ALK-target therapy cohort (n = 91), the patients predicted as ALK-positive by the DLM showed better performance of progression-free survival than the patients predicted as ALK-negative (16.8 vs. 7.5 months, p = 0.010). CONCLUSION: Our findings showed that the DLM trained by both CT images and clinicopathological information could effectively predict the ALK fusion status and treatment responses of patients. For the small size of the ALK-target therapy cohort, larger data sets would be collected to further validate the performance of the model for predicting the response to ALK-TKI treatment.",ct,classification,1,0,1
Automatic detection of pneumonia in chest X-ray images using textural features,"Fast and accurate diagnosis is critical for the triage and management of pneumonia, particularly in the current scenario of a COVID-19 pandemic, where this pathology is a major symptom of the infection. With the objective of providing tools for that purpose, this study assesses the potential of three textural image characterisation methods: radiomics, fractal dimension and the recently developed superpixel-based histon, as biomarkers to be used for training Artificial Intelligence (AI) models in order to detect pneumonia in chest X-ray images. Models generated from three different AI algorithms have been studied: K-Nearest Neighbors, Support Vector Machine and Random Forest. Two open-access image datasets were used in this study. In the first one, a dataset composed of paediatric chest X-ray, the best performing generated models achieved an 83.3% accuracy with 89% sensitivity for radiomics, 89.9% accuracy with 93.6% sensitivity for fractal dimension and 91.3% accuracy with 90.5% sensitivity for superpixels based histon. Second, a dataset derived from an image repository developed primarily as a tool for studying COVID-19 was used. For this dataset, the best performing generated models resulted in a 95.3% accuracy with 99.2% sensitivity for radiomics, 99% accuracy with 100% sensitivity for fractal dimension and 99% accuracy with 98.6% sensitivity for superpixel-based histons. The results confirm the validity of the tested methods as reliable and easy-to-implement automatic diagnostic tools for pneumonia.",xr,classification,0,0,0
Prediction of visceral pleural invasion in lung cancer on CT: deep learning model achieves a radiologist-level performance with adaptive sensitivity and specificity to clinical needs,"OBJECTIVES: To develop and validate a preoperative CT-based deep learning model for the prediction of visceral pleural invasion (VPI) in early-stage lung cancer. METHODS: In this retrospective study, dataset 1 (for training, tuning, and internal validation) included 676 patients with clinical stage IA lung adenocarcinomas resected between 2009 and 2015. Dataset 2 (for temporal validation) included 141 patients with clinical stage I adenocarcinomas resected between 2017 and 2018. A CT-based deep learning model was developed for the prediction of VPI and validated in terms of discrimination and calibration. An observer performance study and a multivariable regression analysis were performed. RESULTS: The area under the receiver operating characteristic curve (AUC) of the model was 0.75 (95% CI, 0.67-0.84), which was comparable to those of board-certified radiologists (AUC, 0.73-0.79; all p > 0.05). The model had a higher standardized partial AUC for a specificity range of 90 to 100% than the radiologists (all p < 0.05). The high sensitivity cutoff (0.245) yielded a sensitivity of 93.8% and a specificity of 31.2%, and the high specificity cutoff (0.448) resulted in a sensitivity of 47.9% and a specificity of 86.0%. Two of the three radiologists provided highly sensitive (93.8% and 97.9%) but not specific (48.4% and 40.9%) diagnoses. The model showed good calibration (p > 0.05), and its output was an independent predictor for VPI (adjusted odds ratio, 1.07; 95% CI, 1.03-1.11; p < 0.001). CONCLUSIONS: The deep learning model demonstrated a radiologist-level performance. The model could achieve either highly sensitive or highly specific diagnoses depending on clinical needs. KEY POINTS: • The preoperative CT-based deep learning model demonstrated an expert-level diagnostic performance for the presence of visceral pleural invasion in early-stage lung cancer. • Radiologists had a tendency toward highly sensitive, but not specific diagnoses for the visceral pleural invasion.",ct,classification,1,0,1
Automated Lung Nodule Detection and Classification Using Deep Learning Combined with Multiple Strategies,"Lung cancer is one of the major causes of cancer-related deaths due to its aggressive nature and delayed detections at advanced stages. Early detection of lung cancer is very important for the survival of an individual, and is a significant challenging problem. Generally, chest radiographs (X-ray) and computed tomography (CT) scans are used initially for the diagnosis of the malignant nodules; however, the possible existence of benign nodules leads to erroneous decisions. At early stages, the benign and the malignant nodules show very close resemblance to each other. In this paper, a novel deep learning-based model with multiple strategies is proposed for the precise diagnosis of the malignant nodules. Due to the recent achievements of deep convolutional neural networks (CNN) in image analysis, we have used two deep three-dimensional (3D) customized mixed link network (CMixNet) architectures for lung nodule detection and classification, respectively. Nodule detections were performed through faster R-CNN on efficiently-learned features from CMixNet and U-Net like encoder-decoder architecture. Classification of the nodules was performed through a gradient boosting machine (GBM) on the learned features from the designed 3D CMixNet structure. To reduce false positives and misdiagnosis results due to different types of errors, the final decision was performed in connection with physiological symptoms and clinical biomarkers. With the advent of the internet of things (IoT) and electro-medical technology, wireless body area networks (WBANs) provide continuous monitoring of patients, which helps in diagnosis of chronic diseases-especially metastatic cancers. The deep learning model for nodules' detection and classification, combined with clinical factors, helps in the reduction of misdiagnosis and false positive (FP) results in early-stage lung cancer diagnosis. The proposed system was evaluated on LIDC-IDRI datasets in the form of sensitivity (94%) and specificity (91%), and better results were obatined compared to the existing methods.",ct,"segmentation, classification",1,0,1
Application of deep learning (3-dimensional convolutional neural network) for the prediction of pathological invasiveness in lung adenocarcinoma: A preliminary study,"To compare results for radiological prediction of pathological invasiveness in lung adenocarcinoma between radiologists and a deep learning (DL) system.Ninety patients (50 men, 40 women; mean age, 66 years; range, 40-88 years) who underwent pre-operative chest computed tomography (CT) with 0.625-mm slice thickness were included in this retrospective study. Twenty-four cases of adenocarcinoma in situ (AIS), 20 cases of minimally invasive adenocarcinoma (MIA), and 46 cases of invasive adenocarcinoma (IVA) were pathologically diagnosed. Three radiologists of different levels of experience diagnosed each nodule by using previously documented CT findings to predict pathological invasiveness. DL was structured using a 3-dimensional (3D) convolutional neural network (3D-CNN) constructed with 2 successive pairs of convolution and max-pooling layers, and 2 fully connected layers. The output layer comprises 3 nodes to recognize the 3 conditions of adenocarcinoma (AIS, MIA, and IVA) or 2 nodes for 2 conditions (AIS and MIA/IVA). Results from DL and the 3 radiologists were statistically compared.No significant differences in pathological diagnostic accuracy rates were seen between DL and the 3 radiologists (P >.11). Receiver operating characteristic analysis demonstrated that area under the curve for DL (0.712) was almost the same as that for the radiologist with extensive experience (0.714; P = .98). Compared with the consensus results from radiologists, DL offered significantly inferior sensitivity (P = .0005), but significantly superior specificity (P = .02).Despite the small training data set, diagnostic performance of DL was almost the same as the radiologist with extensive experience. In particular, DL provided higher specificity than radiologists.",ct,classification,1,0,1
Assessing PD-L1 expression in non-small cell lung cancer and predicting responses to immune checkpoint inhibitors using deep learning on computed tomography images,"Rationale: This study aimed to use computed tomography (CT) images to assess PD-L1 expression in non-small cell lung cancer (NSCLC) and predict response to immunotherapy. Methods: We retrospectively analyzed a PD-L1 expression dataset that consisted of 939 consecutive stage IIIB-IV NSCLC patients with pretreatment CT images. A deep convolutional neural network was trained and optimized with CT images from the training cohort (n = 750) and validation cohort (n = 93) to obtain a PD-L1 expression signature (PD-L1ES), which was evaluated using the test cohort (n = 96). Finally, a separate immunotherapy cohort (n = 94) was used to assess the prognostic value of PD-L1ES with respect to clinical outcome. Results: PD-L1ES was able to predict high PD-L1 expression (PD-L1 ≥ 50%) with areas under the receiver operating characteristic curve (AUC) of 0.78 (95% confidence interval (CI): 0.75~0.80), 0.71 (95% CI: 0.59~0.81), and 0.76 (95% CI: 0.66~0.85) in the training, validation, and test cohorts, respectively. In patients treated with anti-PD-1 antibody, low PD-L1ES was associated with improved progression-free survival (PFS) (median PFS 363 days in low score group vs 183 days in high score group; hazard ratio [HR]: 2.57, 95% CI: 1.22~5.44; P = 0.010). Additionally, when PD-L1ES was combined with a clinical model that was trained using age, sex, smoking history and family history of malignancy, the response to immunotherapy could be better predicted compared to either PD-L1ES or the clinical model alone. Conclusions: The deep learning model provides a noninvasive method to predict high PD-L1 expression of NSCLC and to infer clinical outcomes in response to immunotherapy. Additionally, this deep learning model combined with clinical models demonstrated improved stratification capabilities.",ct,classification,1,0,1
Latent traits of lung tissue patterns in former smokers derived by dual channel deep learning in computed tomography images,"Chronic obstructive pulmonary disease (COPD) is a heterogeneous disease and the traditional variables extracted from computed tomography (CT) images may not be sufficient to describe all the topological features of lung tissues in COPD patients. We employed an unsupervised three-dimensional (3D) convolutional autoencoder (CAE)-feature constructor (FC) deep learning network to learn from CT data and derive tissue pattern-clusters jointly. We then applied exploratory factor analysis (EFA) to discover the unobserved latent traits (factors) among pattern-clusters. CT images at total lung capacity (TLC) and residual volume (RV) of 541 former smokers and 59 healthy non-smokers from the cohort of the SubPopulations and Intermediate Outcome Measures in the COPD Study (SPIROMICS) were analyzed. TLC and RV images were registered to calculate the Jacobian (determinant) values for all the voxels in TLC images. 3D Regions of interest (ROIs) with two data channels of CT intensity and Jacobian value were randomly extracted from training images and were fed to the 3D CAE-FC model. 80 pattern-clusters and 7 factors were identified. Factor scores computed for individual subjects were able to predict spirometry-measured pulmonary functions. Two factors which correlated with various emphysema subtypes, parametric response mapping (PRM) metrics, airway variants, and airway tree to lung volume ratio were discriminants of patients across all severity stages. Our findings suggest the potential of developing factor-based surrogate markers for new COPD phenotypes.",ct,clustering,1,0,0
A new method based on MTANNs for cutting down false-positives: an evaluation on different versions of commercial pulmonary nodule detection CAD software,"One of the major problems for computer-aided pulmonary nodule detection in chest radiographs is that a high false-positive (FP) rate exists. In an effort to overcome this problem, a new method based on the MTANN (Massive Training Artificial Neural Network) is proposed in this paper. An MTANN comprises a multi-layer neural network where a linear function rather than a sigmoid function is used as its activity function in the output layer. In this work, a mixture of multiple MTANNs were employed rather than only a single MTANN. 50 MTANNs for 50 different types of FPs were prepared firstly. Then, several effective MTANNs that had higher performances were selected to construct the MTANNs mixture. Finally, the outputs of the multiple MTANNs were combined with a mixing neural network to reduce various different types of FPs. The performance of this MTANNs mixture in FPs reduction is validated on three different versions of commercial CAD software with a validation database consisting of 52 chest radiographs. Experimental results demonstrate that the proposed MTANN approach is useful in cutting down FPs in different CAD software for detecting pulmonary nodules in chest radiographs.",xr,classification,1,0,0
Multicenter Assessment of CT Pneumonia Analysis Prototype for Predicting Disease Severity and Patient Outcome,"To perform a multicenter assessment of the CT Pneumonia Analysis prototype for predicting disease severity and patient outcome in COVID-19 pneumonia both without and with integration of clinical information. Our IRB-approved observational study included consecutive 241 adult patients (> 18 years; 105 females; 136 males) with RT-PCR-positive COVID-19 pneumonia who underwent non-contrast chest CT at one of the two tertiary care hospitals (site A: Massachusetts General Hospital, USA; site B: Firoozgar Hospital Iran). We recorded patient age, gender, comorbid conditions, laboratory values, intensive care unit (ICU) admission, mechanical ventilation, and final outcome (recovery or death). Two thoracic radiologists reviewed all chest CTs to record type, extent of pulmonary opacities based on the percentage of lobe involved, and severity of respiratory motion artifacts. Thin-section CT images were processed with the prototype (Siemens Healthineers) to obtain quantitative features including lung volumes, volume and percentage of all-type and high-attenuation opacities (≥ -200 HU), and mean HU and standard deviation of opacities within a given lung region. These values are estimated for the total combined lung volume, and separately for each lung and each lung lobe. Multivariable analyses of variance (MANOVA) and multiple logistic regression were performed for data analyses. About 26% of chest CTs (62/241) had moderate to severe motion artifacts. There were no significant differences in the AUCs of quantitative features for predicting disease severity with and without motion artifacts (AUC 0.94-0.97) as well as for predicting patient outcome (AUC 0.7-0.77) (p > 0.5). Combination of the volume of all-attenuation opacities and the percentage of high-attenuation opacities (AUC 0.76-0.82, 95% confidence interval (CI) 0.73-0.82) had higher AUC for predicting ICU admission than the subjective severity scores (AUC 0.69-0.77, 95% CI 0.69-0.81). Despite a high frequency of motion artifacts, quantitative features of pulmonary opacities from chest CT can help differentiate patients with favorable and adverse outcomes.",ct,classification,1,0,1
Diagnosis of Coronavirus Disease 2019 Pneumonia by Using Chest Radiography: Value of Artificial Intelligence,"Background Radiologists are proficient in differentiating between chest radiographs with and without symptoms of pneumonia but have found it more challenging to differentiate coronavirus disease 2019 (COVID-19) pneumonia from non-COVID-19 pneumonia on chest radiographs. Purpose To develop an artificial intelligence algorithm to differentiate COVID-19 pneumonia from other causes of abnormalities at chest radiography. Materials and Methods In this retrospective study, a deep neural network, CV19-Net, was trained, validated, and tested on chest radiographs in patients with and without COVID-19 pneumonia. For the chest radiographs positive for COVID-19, patients with reverse transcription polymerase chain reaction results positive for severe acute respiratory syndrome coronavirus 2 with findings positive for pneumonia between February 1, 2020, and May 30, 2020, were included. For the non-COVID-19 chest radiographs, patients with pneumonia who underwent chest radiography between October 1, 2019, and December 31, 2019, were included. Area under the receiver operating characteristic curve (AUC), sensitivity, and specificity were calculated to characterize diagnostic performance. To benchmark the performance of CV19-Net, a randomly sampled test data set composed of 500 chest radiographs in 500 patients was evaluated by the CV19-Net and three experienced thoracic radiologists. Results A total of 2060 patients (5806 chest radiographs; mean age, 62 years ± 16 [standard deviation]; 1059 men) with COVID-19 pneumonia and 3148 patients (5300 chest radiographs; mean age, 64 years ± 18; 1578 men) with non-COVID-19 pneumonia were included and split into training and validation and test data sets. For the test set, CV19-Net achieved an AUC of 0.92 (95% CI: 0.91, 0.93). This corresponded to a sensitivity of 88% (95% CI: 87, 89) and a specificity of 79% (95% CI: 77, 80) by using a high-sensitivity operating threshold, or a sensitivity of 78% (95% CI: 77, 79) and a specificity of 89% (95% CI: 88, 90) by using a high-specificity operating threshold. For the 500 sampled chest radiographs, CV19-Net achieved an AUC of 0.94 (95% CI: 0.93, 0.96) compared with an AUC of 0.85 (95% CI: 0.81, 0.88) achieved by radiologists. Conclusion CV19-Net was able to differentiate coronavirus disease 2019-related pneumonia from other types of pneumonia, with performance exceeding that of experienced thoracic radiologists. © RSNA, 2021 Online supplemental material is available for this article.",xr,classification,1,0,0
Machine Learning-Based Radiomics for Prediction of Epidermal Growth Factor Receptor Mutations in Lung Adenocarcinoma,"Identifying an epidermal growth factor receptor (EGFR) mutation is important because EGFR tyrosine kinase inhibitors are the first-line treatment of choice for patients with EGFR mutation-positive lung adenocarcinomas (LUAC). This study is aimed at developing and validating a radiomics-based machine learning (ML) approach to identify EGFR mutations in patients with LUAC. We retrospectively collected data from 201 patients with positive EGFR mutation LUAC (140 in the training cohort and 61 in the validation cohort). We extracted 1316 radiomics features from preprocessed CT images and selected 14 radiomics features and 1 clinical feature which were most relevant to mutations through filter method. Subsequently, we built models using 7 ML approaches and established the receiver operating characteristic (ROC) curve to assess the discriminating performance of these models. In terms of predicting EGFR mutation, the model derived from radiomics features and combined models (radiomics features and relevant clinical factors) had an AUC of 0.79 (95% confidence interval (CI): 0.77-0.82), 0.86 (0.87-0.88), respectively. Our study offers a radiomics-based ML model using filter methods to detect the EGFR mutation in patients with LUAC. This convenient and low-cost method may be of help to noninvasively identify patients before obtaining tumor sample for molecule testing.",ct,classification,0,0,0
CT-Based Hand-crafted Radiomic Signatures Can Predict PD-L1 Expression Levels in Non-small Cell Lung Cancer: a Two-Center Study,"Here, we used pre-treatment CT images to develop and evaluate a radiomic signature that can predict the expression of programmed death ligand 1 (PD-L1) in non-small cell lung cancer (NSCLC). We then verified its predictive performance by cross-referencing its results with clinical characteristics. This two-center retrospective analysis included 125 patients with histologically confirmed NSCLC. A total of 1287 hand-crafted radiomic features were observed from manually determined tumor regions. Valuable features were then selected with a ridge regression-based recursive feature elimination approach. Machine learning-based prediction models were then built from this and compared each other. The final radiomic signature was built using logistic regression in the primary cohort, and then tested in a validation cohort. Finally, we compared the efficacy of the radiomic signature to the clinical model and the radiomic-clinical nomogram. Among the 125 patients, 89 were classified as having PD-L1 positive expression. However, there was no significant difference in PD-L1 expression levels determined by clinical characteristics (P = 0.109-0.955). Upon selecting 9 radiomic features, we found that the logistic regression-based prediction model performed the best (AUC = 0.96, P < 0.001). In the external cohort, our radiomic signature showed an AUC of 0.85, which outperformed both the clinical model (AUC = 0.38, P < 0.001) and the radiomics-nomogram model (AUC = 0.61, P < 0.001). Our CT-based hand-crafted radiomic signature model can effectively predict PD-L1 expression levels, providing a noninvasive means of better understanding PD-L1 expression in patients with NSCLC.",ct,regression,0,0,0
Deep Learning-Based Internal Target Volume (ITV) Prediction Using Cone-Beam CT Images in Lung Stereotactic Body Radiotherapy,"Purpose:This study aims to develop a deep learning (DL)-based (Mask R-CNN) method to predict the internal target volume (ITV) in cone beam computed tomography (CBCT) images for lung stereotactic body radiotherapy (SBRT) patients and to evaluate the prediction accuracy of the model using 4DCT as ground truth. Methods and Materials: This study enrolled 78 phantom cases and 156 patient cases who received SBRT treatment. We used a novel DL model (Mask R-CNN) to identify and delineate lung tumor ITV in CBCT images. The results of the DL-based method were compared quantitatively with the ground truth (4DCT) using 4 metrics, including Dice Similarity Coefficient (DSC), Relative Volume Index (RVI), 3D Motion Range (R(3D)), and Hausdorff Surface Distance (HD). Paired t-tests were used to determine the differences between the DL-based method and manual contouring. Results: The DSC value for 4DCT(MIP) versus CBCT is 0.86 ± 0.16 and for 4DCT(AVG) versus CBCT is 0.83 ± 0.18, indicating a high similarity of tumor delineation in CBCT and 4DCT. The mean Accuracy Precision (mAP), R(3D), RVI, and HD values for phantom evaluation are 0.94 ± 0.04, 1.37 ± 0.36, 0.79 ± 0.02, and 6.79 ± 0.68, respectively. For patient evaluation, the mAP, R(3D), RVI, and HD achieved averaged values of 0.74 ± 0.23, 2.39 ± 1.59, 1.27 ± 0.47, and 17.00 ± 19.89, respectively. These results showed a good correlation between predicted ITV and manually contoured ITV. The phantom p-value for RVI, R(3D), and HD are 0.75, 0.08, 0.86, and patient p-value are 0.53, 0.07, 0.28, respectively. These p-values for phantom and patient showed no significant difference between the predicted ITV and physician's manual contouring. Conclusion:The current improved method (Mask R-CNN) yielded a good similarity between predicted ITV in CBCT and the manual contouring in 4DCT, thus indicating great potential for using CBCT for patient ITV contouring.",ct,segmentation,1,0,0
Detection of coronavirus disease from X-ray images using deep learning and transfer learning algorithms,"OBJECTIVE: This study aims to employ the advantages of computer vision and medical image analysis to develop an automated model that has the clinical potential for early detection of novel coronavirus (COVID-19) infected disease. METHOD: This study applied transfer learning method to develop deep learning models for detecting COVID-19 disease. Three existing state-of-the-art deep learning models namely, Inception ResNetV2, InceptionNetV3 and NASNetLarge, were selected and fine-tuned to automatically detect and diagnose COVID-19 disease using chest X-ray images. A dataset involving 850 images with the confirmed COVID-19 disease, 500 images of community-acquired (non-COVID-19) pneumonia cases and 915 normal chest X-ray images was used in this study. RESULTS: Among the three models, InceptionNetV3 yielded the best performance with accuracy levels of 98.63% and 99.02% with and without using data augmentation in model training, respectively. All the performed networks tend to overfitting (with high training accuracy) when data augmentation is not used, this is due to the limited amount of image data used for training and validation. CONCLUSION: This study demonstrated that a deep transfer learning is feasible to detect COVID-19 disease automatically from chest X-ray by training the learning model with chest X-ray images mixed with COVID-19 patients, other pneumonia affected patients and people with healthy lungs, which may help doctors more effectively make their clinical decisions. The study also gives an insight to how transfer learning was used to automatically detect the COVID-19 disease. In future studies, as the amount of available dataset increases, different convolution neutral network models could be designed to achieve the goal more efficiently.",xr,classification,1,0,0
Knowledge-Based Analysis for Mortality Prediction From CT Images,"Low-Dose CT (LDCT) can significantly improve the accuracy of lung cancer diagnosis and thus reduce cancer deaths compared to chest X-ray. The lung cancer risk population is also at high risk of other deadly diseases, for instance, cardiovascular diseases. Therefore, predicting the all-cause mortality risks of this population is of great importance. This paper introduces a knowledge-based analytical method using deep convolutional neural network (CNN) for all-cause mortality prediction. The underlying approach combines structural image features extracted from CNNs, based on LDCT volume at different scales, and clinical knowledge obtained from quantitative measurements, to predict the mortality risk of lung cancer screening subjects. The proposed method is referred as Knowledge-based Analysis of Mortality Prediction Network (KAMP-Net). It constitutes a collaborative framework that utilizes both imaging features and anatomical information, instead of completely relying on automatic feature extraction. Our work demonstrates the feasibility of incorporating quantitative clinical measurements to assist CNNs in all-cause mortality prediction from chest LDCT images. The results of this study confirm that radiologist defined features can complement CNNs in performance improvement. The experiments demonstrate that KAMP-Net can achieve a superior performance when compared to other methods.",ct,survival,1,0,0
Machine Learning methods for Quantitative Radiomic Biomarkers,"Radiomics extracts and mines large number of medical imaging features quantifying tumor phenotypic characteristics. Highly accurate and reliable machine-learning approaches can drive the success of radiomic applications in clinical care. In this radiomic study, fourteen feature selection methods and twelve classification methods were examined in terms of their performance and stability for predicting overall survival. A total of 440 radiomic features were extracted from pre-treatment computed tomography (CT) images of 464 lung cancer patients. To ensure the unbiased evaluation of different machine-learning methods, publicly available implementations along with reported parameter configurations were used. Furthermore, we used two independent radiomic cohorts for training (n = 310 patients) and validation (n = 154 patients). We identified that Wilcoxon test based feature selection method WLCX (stability = 0.84 ± 0.05, AUC = 0.65 ± 0.02) and a classification method random forest RF (RSD = 3.52%, AUC = 0.66 ± 0.03) had highest prognostic performance with high stability against data perturbation. Our variability analysis indicated that the choice of classification method is the most dominant source of performance variation (34.21% of total variance). Identification of optimal machine-learning methods for radiomic applications is a crucial step towards stable and clinically relevant radiomic biomarkers, providing a non-invasive way of quantifying and monitoring tumor-phenotypic characteristics in clinical practice.",ct,regression,0,0,0
Disease Progression Detection via Deep Sequence Learning of Successive Radiographic Scans,"The highly rapid spread of the current pandemic has quickly overwhelmed hospitals all over the world and motivated extensive research to address a wide range of emerging problems. The unforeseen influx of COVID-19 patients to hospitals has made it inevitable to deploy a rapid and accurate triage system, monitor progression, and predict patients at higher risk of deterioration in order to make informed decisions regarding hospital resource management. Disease detection in radiographic scans, severity estimation, and progression and prognosis prediction have been extensively studied with the help of end-to-end methods based on deep learning. The majority of recent works have utilized a single scan to determine severity or predict progression of the disease. In this paper, we present a method based on deep sequence learning to predict improvement or deterioration in successive chest X-ray scans and build a mathematical model to determine individual patient disease progression profile using successive scans. A deep convolutional neural network pretrained on a diverse lung disease dataset was used as a feature extractor to generate the sequences. We devised three strategies for sequence modeling in order to obtain both fine-grained and coarse-grained features and construct sequences of different lengths. We also devised a strategy to quantify positive or negative change in successive scans, which was then combined with age-related risk factors to construct disease progression profile for COVID-19 patients. The age-related risk factors allowed us to model rapid deterioration and slower recovery in older patients. Experiments conducted on two large datasets showed that the proposed method could accurately predict disease progression. With the best feature extractor, the proposed method was able to achieve AUC of 0.98 with the features obtained from radiographs. Furthermore, the proposed patient profiling method accurately estimated the health profile of patients.",xr,classification,1,0,0
Determining the invasiveness of ground-glass nodules using a 3D multi-task network,"OBJECTIVES: The aim of this study was to determine the invasiveness of ground-glass nodules (GGNs) using a 3D multi-task deep learning network. METHODS: We propose a novel architecture based on 3D multi-task learning to determine the invasiveness of GGNs. In total, 770 patients with 909 GGNs who underwent lung CT scans were enrolled. The patients were divided into the training (n = 626) and test sets (n = 144). In the test set, invasiveness was classified using deep learning into three categories: atypical adenomatous hyperplasia (AAH) and adenocarcinoma in situ (AIS), minimally invasive adenocarcinoma (MIA), and invasive pulmonary adenocarcinoma (IA). Furthermore, binary classifications (AAH/AIS/MIA vs. IA) were made by two thoracic radiologists and compared with the deep learning results. RESULTS: In the three-category classification task, the sensitivity, specificity, and accuracy were 65.41%, 82.21%, and 64.9%, respectively. In the binary classification task, the sensitivity, specificity, accuracy, and area under the ROC curve (AUC) values were 69.57%, 95.24%, 87.42%, and 0.89, respectively. In the visual assessment of GGN invasiveness of binary classification by the two thoracic radiologists, the sensitivity, specificity, and accuracy of the senior and junior radiologists were 58.93%, 90.51%, and 81.35% and 76.79%, 55.47%, and 61.66%, respectively. CONCLUSIONS: The proposed multi-task deep learning model achieved good classification results in determining the invasiveness of GGNs. This model may help to select patients with invasive lesions who need surgery and the proper surgical methods. KEY POINTS: • The proposed multi-task model has achieved good classification results for the invasiveness of GGNs. • The proposed network includes a classification and segmentation branch to learn global and regional features, respectively. • The multi-task model could assist doctors in selecting patients with invasive lesions who need surgery and choosing appropriate surgical methods.",ct,classification,1,0,1
Exploiting Shared Knowledge From Non-COVID Lesions for Annotation-Efficient COVID-19 CT Lung Infection Segmentation,"The novel Coronavirus disease (COVID-19) is a highly contagious virus and has spread all over the world, posing an extremely serious threat to all countries. Automatic lung infection segmentation from computed tomography (CT) plays an important role in the quantitative analysis of COVID-19. However, the major challenge lies in the inadequacy of annotated COVID-19 datasets. Currently, there are several public non-COVID lung lesion segmentation datasets, providing the potential for generalizing useful information to the related COVID-19 segmentation task. In this paper, we propose a novel relation-driven collaborative learning model to exploit shared knowledge from non-COVID lesions for annotation-efficient COVID-19 CT lung infection segmentation. The model consists of a general encoder to capture general lung lesion features based on multiple non-COVID lesions, and a target encoder to focus on task-specific features based on COVID-19 infections. We develop a collaborative learning scheme to regularize feature-level relation consistency of given input and encourage the model to learn more general and discriminative representation of COVID-19 infections. Extensive experiments demonstrate that trained with limited COVID-19 data, exploiting shared knowledge from non-COVID lesions can further improve state-of-the-art performance with up to 3.0% in dice similarity coefficient and 4.2% in normalized surface dice. In addition, experimental results on large scale 2D dataset with CT slices show that our method significantly outperforms cutting-edge segmentation methods metrics. Our method promotes new insights into annotation-efficient deep learning and illustrates strong potential for real-world applications in the global fight against COVID-19 in the absence of sufficient high-quality annotations.",ct,segmentation,1,0,0
"Radiomics complements clinical, radiological, and technical features to assess local control of colorectal cancer lung metastases treated with radiofrequency ablation","OBJECTIVES: Radiofrequency ablation (RFA) of lung metastases of colorectal origin can improve patient survival and quality of life. Our aim was to identify pre- and per-RFA features predicting local control of lung metastases following RFA. METHODS: This case-control single-center retrospective study included 119 lung metastases treated with RFA in 48 patients (median age: 60 years). Clinical, technical, and radiological data before and on early CT scan (at 48 h) were retrieved. After CT scan preprocessing, 64 radiomics features were extracted from pre-RFA and early control CT scans. Log-rank tests were used to detect categorical variables correlating with post-RFA local tumor progression-free survival (LTPFS). Radiomics prognostic scores (RPS) were developed on reproducible radiomics features using Monte-Carlo cross-validated LASSO Cox regressions. RESULTS: Twenty-six of 119 (21.8%) nodules demonstrated local progression (median delay: 11.2 months). In univariate analysis, four non-radiomics variables correlated with post-RFA-LTPFS: nodule size (> 15 mm, p < 0.001), chosen electrode (with difference between covered array and nodule diameter < 20 mm or non-expandable electrode, p = 0.03), per-RFA intra-alveolar hemorrhage (IAH, p = 0.002), and nodule location into the ablation zone (not seen or in contact with borders, p = 0.005). The highest prognostic performance was reached with the multivariate model including a RPS built on 4 radiomics features from pre-RFA and early revaluation CT scans (cross-validated concordance index= 0.74) in which this RPS remained an independent predictor (cross-validated HR = 3.49, 95% confidence interval = [1.76 - 6.96]). CONCLUSIONS: Technical, radiological, and radiomics features of the lung metastases before RFA and of the ablation zone at 48 h can help discriminate nodules at risk of local progression that could benefit from complementary local procedure. KEY POINTS: • The highest prognostic performance to predict post-RFA LTPFS was reached with a parsimonious model including a radiomics score built with 4 radiomics features. • Nodule size, difference between electrode diameter, use of non-expandable electrode, per-RFA hemorrhage, and a tumor not seen or in contact with the ablation zone borders at 48-h CT were correlated with post-RFA LTPFS.",ct,classification,0,0,0
Lung nodule detection in chest X-rays using synthetic ground-truth data comparing CNN-based diagnosis to human performance,"We present a method to generate synthetic thorax radiographs with realistic nodules from CT scans, and a perfect ground truth knowledge. We evaluated the detection performance of nine radiologists and two convolutional neural networks in a reader study. Nodules were artificially inserted into the lung of a CT volume and synthetic radiographs were obtained by forward-projecting the volume. Hence, our framework allowed for a detailed evaluation of CAD systems' and radiologists' performance due to the availability of accurate ground-truth labels for nodules from synthetic data. Radiographs for network training (U-Net and RetinaNet) were generated from 855 CT scans of a public dataset. For the reader study, 201 radiographs were generated from 21 nodule-free CT scans with altering nodule positions, sizes and nodule counts of inserted nodules. Average true positive detections by nine radiologists were 248.8 nodules, 51.7 false positive predicted nodules and 121.2 false negative predicted nodules. The best performing CAD system achieved 268 true positives, 66 false positives and 102 false negatives. Corresponding weighted alternative free response operating characteristic figure-of-merits (wAFROC FOM) for the radiologists range from 0.54 to 0.87 compared to a value of 0.81 (CI 0.75-0.87) for the best performing CNN. The CNN did not perform significantly better against the combined average of the 9 readers (p = 0.49). Paramediastinal nodules accounted for most false positive and false negative detections by readers, which can be explained by the presence of more tissue in this area.",xr,"detection, classification",1,0,0
Exploring the effect of image enhancement techniques on COVID-19 detection using chest X-ray images,"Computer-aided diagnosis for the reliable and fast detection of coronavirus disease (COVID-19) has become a necessity to prevent the spread of the virus during the pandemic to ease the burden on the healthcare system. Chest X-ray (CXR) imaging has several advantages over other imaging and detection techniques. Numerous works have been reported on COVID-19 detection from a smaller set of original X-ray images. However, the effect of image enhancement and lung segmentation of a large dataset in COVID-19 detection was not reported in the literature. We have compiled a large X-ray dataset (COVQU) consisting of 18,479 CXR images with 8851 normal, 6012 non-COVID lung infections, and 3616 COVID-19 CXR images and their corresponding ground truth lung masks. To the best of our knowledge, this is the largest public COVID positive database and the lung masks. Five different image enhancement techniques: histogram equalization (HE), contrast limited adaptive histogram equalization (CLAHE), image complement, gamma correction, and balance contrast enhancement technique (BCET) were used to investigate the effect of image enhancement techniques on COVID-19 detection. A novel U-Net model was proposed and compared with the standard U-Net model for lung segmentation. Six different pre-trained Convolutional Neural Networks (CNNs) (ResNet18, ResNet50, ResNet101, InceptionV3, DenseNet201, and ChexNet) and a shallow CNN model were investigated on the plain and segmented lung CXR images. The novel U-Net model showed an accuracy, Intersection over Union (IoU), and Dice coefficient of 98.63%, 94.3%, and 96.94%, respectively for lung segmentation. The gamma correction-based enhancement technique outperforms other techniques in detecting COVID-19 from the plain and the segmented lung CXR images. Classification performance from plain CXR images is slightly better than the segmented lung CXR images; however, the reliability of network performance is significantly improved for the segmented lung images, which was observed using the visualization technique. The accuracy, precision, sensitivity, F1-score, and specificity were 95.11%, 94.55%, 94.56%, 94.53%, and 95.59% respectively for the segmented lung images. The proposed approach with very reliable and comparable performance will boost the fast and robust COVID-19 detection using chest X-ray images.",xr,classification,1,0,0
Spatial Pyramid Pooling With 3D Convolution Improves Lung Cancer Detection,"Lung cancer is the leading cause of cancer deaths. Low-dose computed tomography (CT)screening has been shown to significantly reduce lung cancer mortality but suffers from a high false positive rate that leads to unnecessary diagnostic procedures. The development of deep learning techniques has the potential to help improve lung cancer screening technology. Here we present the algorithm, DeepScreener, which can predict a patient's cancer status from a volumetric lung CT scan. DeepScreener is based on our model of Spatial Pyramid Pooling, which ranked 16th of 1972 teams (top 1 percent)in the Data Science Bowl 2017 competition (DSB2017), evaluated with the challenge datasets. Here we test the algorithm with an independent set of 1449 low-dose CT scans of the National Lung Screening Trial (NLST)cohort, and we find that DeepScreener has consistent performance of high accuracy. Furthermore, by combining Spatial Pyramid Pooling and 3D Convolution, it achieves an AUC of 0.892, surpassing the previous state-of-the-art algorithms using only 3D convolution. The advancement of deep learning algorithms can potentially help improve lung cancer detection with low-dose CT scans.",ct,classification,1,0,1
Fully automatic detection of lung nodules in CT images using a hybrid feature set,"PURPOSE: The aim of this study was to develop a novel technique for lung nodule detection using an optimized feature set. This feature set has been achieved after rigorous experimentation, which has helped in reducing the false positives significantly. METHOD: The proposed method starts with preprocessing, removing any present noise from input images, followed by lung segmentation using optimal thresholding. Then the image is enhanced using multiscale dot enhancement filtering prior to nodule detection and feature extraction. Finally, classification of lung nodules is achieved using Support Vector Machine (SVM) classifier. The feature set consists of intensity, shape (2D and 3D) and texture features, which have been selected to optimize the sensitivity and reduce false positives. In addition to SVM, some other supervised classifiers like K-Nearest-Neighbor (KNN), Decision Tree and Linear Discriminant Analysis (LDA) have also been used for performance comparison. The extracted features have also been compared class-wise to determine the most relevant features for lung nodule detection. The proposed system has been evaluated using 850 scans from Lung Image Database Consortium (LIDC) dataset and k-fold cross-validation scheme. RESULTS: The overall sensitivity has been improved compared to the previous methods and false positives per scan have been reduced significantly. The achieved sensitivities at detection and classification stages are 94.20% and 98.15%, respectively, with only 2.19 false positives per scan. CONCLUSIONS: It is very difficult to achieve high performance metrics using only a single feature class therefore hybrid approach in feature selection remains a better choice. Choosing right set of features can improve the overall accuracy of the system by improving the sensitivity and reducing false positives.",ct,classification,1,0,1
Six artificial intelligence paradigms for tissue characterisation and classification of non-COVID-19 pneumonia against COVID-19 pneumonia in computed tomography lungs,"BACKGROUND: COVID-19 pandemic has currently no vaccines. Thus, the only feasible solution for prevention relies on the detection of COVID-19-positive cases through quick and accurate testing. Since artificial intelligence (AI) offers the powerful mechanism to automatically extract the tissue features and characterise the disease, we therefore hypothesise that AI-based strategies can provide quick detection and classification, especially for radiological computed tomography (CT) lung scans. METHODOLOGY: Six models, two traditional machine learning (ML)-based (k-NN and RF), two transfer learning (TL)-based (VGG19 and InceptionV3), and the last two were our custom-designed deep learning (DL) models (CNN and iCNN), were developed for classification between COVID pneumonia (CoP) and non-COVID pneumonia (NCoP). K10 cross-validation (90% training: 10% testing) protocol on an Italian cohort of 100 CoP and 30 NCoP patients was used for performance evaluation and bispectrum analysis for CT lung characterisation. RESULTS: Using K10 protocol, our results showed the accuracy in the order of DL > TL > ML, ranging the six accuracies for k-NN, RF, VGG19, IV3, CNN, iCNN as 74.58 ± 2.44%, 96.84 ± 2.6, 94.84 ± 2.85%, 99.53 ± 0.75%, 99.53 ± 1.05%, and 99.69 ± 0.66%, respectively. The corresponding AUCs were 0.74, 0.94, 0.96, 0.99, 0.99, and 0.99 (p-values < 0.0001), respectively. Our Bispectrum-based characterisation system suggested CoP can be separated against NCoP using AI models. COVID risk severity stratification also showed a high correlation of 0.7270 (p < 0.0001) with clinical scores such as ground-glass opacities (GGO), further validating our AI models. CONCLUSIONS: We prove our hypothesis by demonstrating that all the six AI models successfully classified CoP against NCoP due to the strong presence of contrasting features such as ground-glass opacities (GGO), consolidations, and pleural effusion in CoP patients. Further, our online system takes < 2 s for inference.",ct,classification,1,0,1
Optimizing the radiomics-machine-learning model based on non-contrast enhanced CT for the simplified risk categorization of thymic epithelial tumors: A large cohort retrospective study,"PURPOSE: This study aimed to establish and compare the radiomics machine learning (ML) models based on non-contrast enhanced computed tomography (NECT) and clinical features for predicting the simplified risk categorization of thymic epithelial tumors (TETs). EXPERIMENTAL DESIGN: A total of 509 patients with pathologically confirmed TETs from January 2009 to May 2018 were retrospectively enrolled, consisting of 238 low-risk thymoma (LRT), 232 high-risk thymoma (HRT), and 39 thymic carcinoma (TC), and were divided into training (n = 433) and testing cohorts (n = 76) according to the admission time. Volumes of interest (VOIs) covering the whole tumor were manually segmented on preoperative NECT images. A total of 1218 radiomic features were extracted from the VOIs, and 4 clinical variables were collected from the hospital database. Fourteen ML models, along with varied feature selection strategies, were used to establish triple-classification models using the radiomic features (radiomic models), while clinical-radiomic models were built after combining with the clinical variables. The diagnostic accuracy, sensitivity, specificity, and the area under the receiver operating characteristic curve (AUC) of radiologist assessment, the radiomic and clinical-radiomic models were evaluated on the testing cohort. RESULTS: The Support Vector Machine (SVM) clinical-radiomic model demonstrated the highest AUC of 0.841 (95% CI 0.820 to 0.861) on the cross-validation result and reached an AUC of 0.844 (95% CI 0.793 to 0.894) in the testing cohort. For the one-vs-rest question of LRT vs HRT + TC, the sensitivity, specificity, and accuracy reached 80.00%, 63.41%, and 71.05%, respectively. For HRT vs LRT + TC, they reached 60.53%, 78.95%, and 69.74%. For TC vs LRT + HRT they reached 33.33%, 98.63%, and 96.05%, respectively. Compared with the radiomic models, superior diagnostic efficacy was demonstrated for most clinical-radiomics models, and the AUC of the Bernoulli Naive Bayes model was significantly improved. Radiologist2's assessment achieved a higher AUC of 0.813 (95% CI: 0.756-0.8761) than other radiologists, which was slightly lower than the SVM clinical-radiomic model. Combined with other evaluation indicators, SVM, as the best ML model, demonstrated the potential of predicting the simplified risk categorization of TETs with superior predictive performance to that of radiologists' assessment. CONCLUSION: Most of the ML models are promising in predicting the simplified TETs risk categorization with superior efficacy to that of radiologists' assessment, especially the SVM models, demonstrated the integration of ML with NECT may be valuable in aiding the diagnosis and treatment planning.",ct,classification,0,0,0
AIforCOVID: Predicting the clinical outcomes in patients with COVID-19 applying AI to chest-X-rays. An Italian multicentre study,"Recent epidemiological data report that worldwide more than 53 million people have been infected by SARS-CoV-2, resulting in 1.3 million deaths. The disease has been spreading very rapidly and few months after the identification of the first infected, shortage of hospital resources quickly became a problem. In this work we investigate whether artificial intelligence working with chest X-ray (CXR) scans and clinical data can be used as a possible tool for the early identification of patients at risk of severe outcome, like intensive care or death. Indeed, further to induce lower radiation dose than computed tomography (CT), CXR is a simpler and faster radiological technique, being also more widespread. In this respect, we present three approaches that use features extracted from CXR images, either handcrafted or automatically learnt by convolutional neuronal networks, which are then integrated with the clinical data. As a further contribution, this work introduces a repository that collects data from 820 patients enrolled in six Italian hospitals in spring 2020 during the first COVID-19 emergency. The dataset includes CXR images, several clinical attributes and clinical outcomes. Exhaustive evaluation shows promising performance both in 10-fold and leave-one-centre-out cross-validation, suggesting that clinical data and images have the potential to provide useful information for the management of patients and hospital resources.",xr,classification,1,0,0
Convolutional Neural Network ensembles for accurate lung nodule malignancy prediction 2 years in the future,"Convolutional Neural Networks (CNNs) have been utilized for to distinguish between benign lung nodules and those that will become malignant. The objective of this study was to use an ensemble of CNNs to predict which baseline nodules would be diagnosed as lung cancer in a second follow up screening after more than one year. Low-dose helical computed tomography images and data were utilized from the National Lung Screening Trial (NLST). The malignant nodules and nodule positive controls were divided into training and test cohorts. T0 nodules were used to predict lung cancer incidence at T1 or T2. To increase the sample size, image augmentation was performed using rotations, flipping, and elastic deformation. Three CNN architectures were designed for malignancy prediction, and each architecture was trained using seven different seeds to create the initial weights. This enabled variability in the CNN models which were combined to generate a robust, more accurate ensemble model. Augmenting images using only rotation and flipping and training with images from T0 yielded the best accuracy to predict lung cancer incidence at T2 from a separate test cohort (Accuracy = 90.29%; AUC = 0.96) based on an ensemble 21 models. Images augmented by rotation and flipping enabled effective learning by increasing the relatively small sample size. Ensemble learning with deep neural networks is a compelling approach that accurately predicted lung cancer incidence at the second screening after the baseline screen mostly 2 years later.",ct,classification,1,0,1
Artificial neural networks improve LDCT lung cancer screening: a comparative validation study,"BACKGROUND: This study proposes a prediction model for the automatic assessment of lung cancer risk based on an artificial neural network (ANN) with a data-driven approach to the low-dose computed tomography (LDCT) standardized structure report. METHODS: This comparative validation study analysed a prospective cohort from Chiayi Chang Gung Memorial Hospital, Taiwan. In total, 836 asymptomatic patients who had undergone LDCT scans between February 2017 and August 2018 were included, comprising 27 lung cancer cases and 809 controls. A derivation cohort of 602 participants (19 lung cancer cases and 583 controls) was collected to construct the ANN prediction model. A comparative validation of the ANN and Lung-RADS was conducted with a prospective cohort of 234 participants (8 lung cancer cases and 226 controls). The areas under the curves (AUCs) of the receiver operating characteristic (ROC) curves were used to compare the prediction models. RESULTS: At the cut-off of category 3, the Lung-RADS had a sensitivity of 12.5%, specificity of 96.0%, positive predictive value of 10.0%, and negative predictive value of 96.9%. At its optimal cut-off value, the ANN had a sensitivity of 75.0%, specificity of 85.0%, positive predictive value of 15.0%, and negative predictive value of 99.0%. The area under the ROC curve was 0.764 for the Lung-RADS and 0.873 for the ANN (P = 0.01). The two most important predictors used by the ANN for predicting lung cancer were the documented sizes of partially solid nodules and ground-glass nodules. CONCLUSIONS: Compared to the Lung-RADS, the ANN provided better sensitivity for the detection of lung cancer in an Asian population. In addition, the ANN provided a more refined discriminative ability than the Lung-RADS for lung cancer risk stratification with population-specific demographic characteristics. When lung nodules are detected and documented in a standardized structured report, ANNs may better provide important insights for lung cancer prediction than conventional rule-based criteria.",ct,classification,1,0,1
Computer-Aided Diagnosis system for diagnosis of pulmonary emphysema using bio-inspired algorithms,"Pulmonary emphysema is a condition characterized by the destruction and permanent enlargement of the alveoli of the lungs. The destruction of gas-exchanging alveoli causes shortness of breath followed by a chronic cough and sputum production. A Computer-Aided Diagnosis (CAD) framework for diagnosing pulmonary emphysema from chest Computed Tomography (CT) slices has been designed and implemented in this study. The process of implementing the CAD framework includes segmenting the lung tissues and extracting the regions of interest (ROIs) using the Spatial Intuitionistic Fuzzy C-Means clustering algorithm. The ROIs that were considered in this work were emphysematous lesions - namely, centrilobular, paraseptal, and bullae that were labelled by an expert radiologist. The shape, texture, and run-length features were extracted from each ROI. A wrapper approach that employed four bio-inspired algorithms - namely, Moth-Flame Optimization (MFO), Firefly Optimization (FFO), Artificial Bee Colony Optimization, and Ant Colony Optimization - with the accuracy of the support vector machine classifier as the fitness function was used to select the optimal feature subset. The selected features of each bio-inspired algorithm were trained independently using the Extreme Learning Machine classifier based on the tenfold cross-validation technique. The framework was tested on real-time and public emphysema datasets to perform binary classification of lung CT slices of patients with and without the presence of emphysema. The framework that used MFO and FFO for feature selection produced superior results regarding accuracy, precision, recall, and specificity for the real-time dataset and the public dataset, respectively, when compared to the other bio-inspired algorithms.",ct,"segmentation, classification",0,0,0
Accurate Screening of COVID-19 Using Attention-Based Deep 3D Multiple Instance Learning,"Automated Screening of COVID-19 from chest CT is of emergency and importance during the outbreak of SARS-CoV-2 worldwide in 2020. However, accurate screening of COVID-19 is still a massive challenge due to the spatial complexity of 3D volumes, the labeling difficulty of infection areas, and the slight discrepancy between COVID-19 and other viral pneumonia in chest CT. While a few pioneering works have made significant progress, they are either demanding manual annotations of infection areas or lack of interpretability. In this paper, we report our attempt towards achieving highly accurate and interpretable screening of COVID-19 from chest CT with weak labels. We propose an attention-based deep 3D multiple instance learning (AD3D-MIL) where a patient-level label is assigned to a 3D chest CT that is viewed as a bag of instances. AD3D-MIL can semantically generate deep 3D instances following the possible infection area. AD3D-MIL further applies an attention-based pooling approach to 3D instances to provide insight into each instance's contribution to the bag label. AD3D-MIL finally learns Bernoulli distributions of the bag-level labels for more accessible learning. We collected 460 chest CT examples: 230 CT examples from 79 patients with COVID-19, 100 CT examples from 100 patients with common pneumonia, and 130 CT examples from 130 people without pneumonia. A series of empirical studies show that our algorithm achieves an overall accuracy of 97.9%, AUC of 99.0%, and Cohen kappa score of 95.7%. These advantages endow our algorithm as an efficient assisted tool in the screening of COVID-19.",ct,"segmentation, classification",1,0,1
Improving clinical disease subtyping and future events prediction through a chest CT-based deep learning approach,"PURPOSE: To develop and evaluate a deep learning (DL) approach to extract rich information from high-resolution computed tomography (HRCT) of patients with chronic obstructive pulmonary disease (COPD). METHODS: We develop a DL-based model to learn a compact representation of a subject, which is predictive of COPD physiologic severity and other outcomes. Our DL model learned: (a) to extract informative regional image features from HRCT; (b) to adaptively weight these features and form an aggregate patient representation; and finally, (c) to predict several COPD outcomes. The adaptive weights correspond to the regional lung contribution to the disease. We evaluate the model on 10 300 participants from the COPDGene cohort. RESULTS: Our model was strongly predictive of spirometric obstruction ( r2 = 0.67) and grouped 65.4% of subjects correctly and 89.1% within one stage of their GOLD severity stage. Our model achieved an accuracy of 41.7% and 52.8% in stratifying the population-based on centrilobular (5-grade) and paraseptal (3-grade) emphysema severity score, respectively. For predicting future exacerbation, combining subjects' representations from our model with their past exacerbation histories achieved an accuracy of 80.8% (area under the ROC curve of 0.73). For all-cause mortality, in Cox regression analysis, we outperformed the BODE index improving the concordance metric (ours: 0.61 vs BODE: 0.56). CONCLUSIONS: Our model independently predicted spirometric obstruction, emphysema severity, exacerbation risk, and mortality from CT imaging alone. This method has potential applicability in both research and clinical practice.",ct,survival,1,0,0
Lung Nodule Detection using Convolutional Neural Networks with Transfer Learning on CT Images,"AIM AND OBJECTIVE: Lung nodule detection is critical in improving the five-year survival rate and reducing mortality for patients with lung cancer. Numerous methods based on Convolutional Neural Networks (CNNs) have been proposed for lung nodule detection in Computed Tomography (CT) images. With the collaborative development of computer hardware technology, the detection accuracy and efficiency can still be improved. MATERIALS AND METHODS: In this study, an automatic lung nodule detection method using CNNs with transfer learning is presented. We first compared three of the state-of-the-art convolutional neural network (CNN) models, namely, VGG16, VGG19 and ResNet50, to determine the most suitable model for lung nodule detection. We then utilized two different training strategies, namely, freezing layers and fine-tuning, to illustrate the effectiveness of transfer learning. Furthermore, the hyper-parameters of the CNN model such as optimizer, batch size and epoch were optimized. RESULTS: Evaluated on the Lung Nodule Analysis 2016 (LUNA16) challenge, promising results with an accuracy of 96.86%, a precision of 91.10%, a sensitivity of 90.78%, a specificity of 98.13%, and an AUC of 99.37% were achieved. CONCLUSION: Compared with other works, state-of-the-art specificity is obtained, which demonstrates that the proposed method is effective and applicable to lung nodule detection.",ct,classification,1,0,1
Explaining Deep Features Using Radiologist-Defined Semantic Features and Traditional Quantitative Features,"Quantitative features are generated from a tumor phenotype by various data characterization, feature-extraction approaches and have been used successfully as a biomarker. These features give us information about a nodule, for example, nodule size, pixel intensity, histogram-based information, and texture information from wavelets or a convolution kernel. Semantic features, on the other hand, can be generated by an experienced radiologist and consist of the common characteristics of a tumor, for example, location of a tumor, fissure, or pleural wall attachment, presence of fibrosis or emphysema, concave cut on nodule surface. These features have been derived for lung nodules by our group. Semantic features have also shown promise in predicting malignancy. Deep features from images are generally extracted from the last layers before the classification layer of a convolutional neural network (CNN). By training with the use of different types of images, the CNN learns to recognize various patterns and textures. But when we extract deep features, there is no specific naming approach for them, other than denoting them by the feature column number (position of a neuron in a hidden layer). In this study, we tried to relate and explain deep features with respect to traditional quantitative features and semantic features. We discovered that 26 deep features from the Vgg-S neural network and 12 deep features from our trained CNN could be explained by semantic or traditional quantitative features. From this, we concluded that those deep features can have a recognizable definition via semantic or quantitative features.",ct,classification,1,0,1
Application of artificial intelligence in the diagnosis of multiple primary lung cancer,"Artificial intelligence (AI) based on deep learning, convolutional neural networks and big data has been increasingly effective in the diagnosis and treatment of multiple primary pulmonary nodules. In comparison to previous imaging systems, AI measures more objective parameters such as three-dimensional (3D) volume, probability of malignant nodules, and possible pathological patterns, making the access to the properties of nodules more objective. In our retrospective study, a total of 53 patients with synchronous and metachronous multiple pulmonary nodules were enrolled of which 33 patients were confirmed by pathological tests to have primary binodules, and nine to have primary trinodules. A total of 15 patients had only one focus removed. The statistical results showed that the agreement in the AI diagnosis and postoperative pathological tests was 88.8% in identifying benign or malignant lesions. In addition, the probability of malignancy of benign lesions, preinvasive lesions (AAH, AIS) and invasive lesions (MIA, IA) was totally different (49.40±38.41% vs 80.22±13.55% vs 88.17±17.31%). The purpose of our study was to provide references for the future application of AI in the diagnosis and follow-up of multiple pulmonary nodules. AI may represent a relevant diagnostic aid that shows more accurate and objective results in the diagnosis of multiple pulmonary nodules, reducing the time required for interpretation of results by directly displaying visual information to doctors and patients and together with the clinical conditions of MPLC patients, offering plans for follow-up and treatment that may be more beneficial and reasonable for patients. Despite the great application potential in pneumosurgery, further research is needed to verify the accuracy and range of the application of AI.",ct,classification,1,0,1
Identification of pulmonary nodules via CT images with hierarchical fully convolutional networks,"Lung cancer is one of the most diagnosable forms of cancer worldwide. The early diagnoses of pulmonary nodules in computed tomography (CT) chest scans are crucial for potential patients. Recent researches have showed that the methods based on deep learning have made a significant progress for the medical diagnoses. However, the achievements on identification of pulmonary nodules are not yet satisfactory enough to be adopted in clinical practice. It is largely caused by either the existence of many false positives or the heavy time of processing. With the development of fully convolutional networks (FCNs), in this study, we proposed a new method of identifying the pulmonary nodules. The method segments the suspected nodules from their environments and then removes the false positives. Especially, it optimizes the network architecture for the identification of nodules rapidly and accurately. In order to remove the false positives, the suspected nodules are reduced using the 2D models. Furthermore, according to the significant differences between nodules and non-nodules in 3D shapes, the false positives are eliminated by integrating into the 3D models and classified via 3D CNNs. The experiments on 1000 patients indicate that our proposed method achieved 97.78% sensitivity rate for segmentation and 90.1% accuracy rate for detection. The maximum response time was less than 30 s and the average time was about 15 s. Graphical Abstract This paper has proposed a new method of identifying the pulmonary nodules. The method segments the suspected nodules from CT images and removes the false positives. As shown in the above, the proposed approach consists of three stages. In stage I, raw data are filtered and normalized. The clean normalized data are then segmented in stage II to extract the suspected nodular lesions through 2D FCNs. Stage III is to remove some false positives generated at stage II via 3D CNNs and outputs the final results. The experiments on 1000 patients indicate that our proposed method has achieved 97.78% sensitivity rate for segmentation and 90.1% accuracy rate for detection. The maximum response time was less than 30 s and the average time was about 15 s.",ct,classification,1,0,1
"Deep CNN models for pulmonary nodule classification: Model modification, model integration, and transfer learning","BACKGROUND: Deep learning has made spectacular achievements in analysing natural images, but it faces challenges for medical applications partly due to inadequate images. OBJECTIVE: Aiming to classify malignant and benign pulmonary nodules using CT images, we explore different strategies to utilize the state-of-the-art deep convolutional neural networks (CNN). METHODS: Experiments are conducted using the Lung Image Database Consortium image collection (LIDC-IDRI), which is a public database containing 1018 cases. Three strategies are implemented including to 1) modify some state-of-the-art CNN architectures, 2) integrate different CNNs and 3) adopt transfer learning. Totally, 11 deep CNN models are compared using the same dataset. RESULTS: Study demonstrates that, for the model modification scheme, a concise CifarNet performs better than the other modified CNNs with more complex architectures, achieving an area under ROC curve of AUC = 0.90. Integrated CNN models do not significantly improve the classification performance, but the model complexity is reduced. Transfer learning outperforms the other two schemes and ResNet with fine-tuning leads to the best performance with an AUC = 0.94, as well as the sensitivity of 91% and an overall accuracy of 88%. CONCLUSIONS: Model modification, model integration, and transfer learning can play important roles to identify and generate optimal deep CNN models in classifying pulmonary nodules based on CT images efficiently. Transfer learning is preferred when applying deep learning to medical imaging applications.",ct,classification,1,0,1
Simultaneous cosegmentation of tumors in PET-CT images using deep fully convolutional networks,"PURPOSE: To investigate the use and efficiency of 3-D deep learning, fully convolutional networks (DFCN) for simultaneous tumor cosegmentation on dual-modality nonsmall cell lung cancer (NSCLC) and positron emission tomography (PET)-computed tomography (CT) images. METHODS: We used DFCN cosegmentation for NSCLC tumors in PET-CT images, considering both the CT and PET information. The proposed DFCN-based cosegmentation method consists of two coupled three-dimensional (3D)-UNets with an encoder-decoder architecture, which can communicate with the other in order to share complementary information between PET and CT. The weighted average sensitivity and positive predictive values denoted as Scores, dice similarity coefficients (DSCs), and the average symmetric surface distances were used to assess the performance of the proposed approach on 60 pairs of PET/CTs. A Simultaneous Truth and Performance Level Estimation Algorithm (STAPLE) of 3 expert physicians' delineations were used as a reference. The proposed DFCN framework was compared to 3 graph-based cosegmentation methods. RESULTS: Strong agreement was observed when using the STAPLE references for the proposed DFCN cosegmentation on the PET-CT images. The average DSCs on CT and PET are 0.861 ± 0.037 and 0.828 ± 0.087, respectively, using DFCN, compared to 0.638 ± 0.165 and 0.643 ± 0.141, respectively, when using the graph-based cosegmentation method. The proposed DFCN cosegmentation using both PET and CT also outperforms the deep learning method using either PET or CT alone. CONCLUSIONS: The proposed DFCN cosegmentation is able to outperform existing graph-based segmentation methods. The proposed DFCN cosegmentation shows promise for further integration with quantitative multimodality imaging tools in clinical trials.",ct,segmentation,1,0,0
Radiomics Approach to Prediction of Occult Mediastinal Lymph Node Metastasis of Lung Adenocarcinoma,"OBJECTIVE: The purpose of this study was to evaluate the prognostic impact of radiomic features from CT scans in predicting occult mediastinal lymph node (LN) metastasis of lung adenocarcinoma. MATERIALS AND METHODS: A total of 492 patients with lung adenocarcinoma who underwent preoperative unenhanced chest CT were enrolled in the study. A total of 300 radiomics features quantifying tumor intensity, texture, and wavelet were extracted from the segmented entire-tumor volume of interest of the primary tumor. A radiomics signature was generated by use of the relief-based feature method and the support vector machine classification method. A ROC regression curve was drawn for the predictive performance of radiomics features. Multivariate logistic regression models based on clinicopathologic and radiomics features were compared for discriminating mediastinal LN metastasis. RESULTS: Clinical variables (sex, tumor diameter, tumor location) and predominant subtype were risk factors for pathologic mediastinal LN metastasis. The accuracy of radiomics signature for predicting mediastinal LN metastasis was 91.1% in ROC analysis (AUC, 0.972; sensitivity, 94.8%; specificity, 92%). Radiomics signature (Akaike information criterion [AIC] value, 80.9%) showed model fit superior to that of the clinicohistopathologic model (AIC value, 61.1%) for predicting mediastinal LN metastasis. CONCLUSION: The radiomics signature of a primary tumor based on CT scans can be used for quantitative and noninvasive prediction of occult mediastinal LN metastasis of lung adenocarcinoma.",ct,classification,0,0,0
Automated lung cancer diagnosis using three-dimensional convolutional neural networks,"Lung cancer is the deadliest cancer worldwide. It has been shown that early detection using low-dose computer tomography (LDCT) scans can reduce deaths caused by this disease. We present a general framework for the detection of lung cancer in chest LDCT images. Our method consists of a nodule detector trained on the LIDC-IDRI dataset followed by a cancer predictor trained on the Kaggle DSB 2017 dataset and evaluated on the IEEE International Symposium on Biomedical Imaging (ISBI) 2018 Lung Nodule Malignancy Prediction test set. Our candidate extraction approach is effective to produce accurate candidates with a recall of 99.6%. In addition, our false positive reduction stage classifies successfully the candidates and increases precision by a factor of 2000. Our cancer predictor obtained a ROC AUC of 0.913 and was ranked 1st place at the ISBI 2018 Lung Nodule Malignancy Prediction challenge. Graphical abstract.",ct,classification,1,0,1
Predicting lung nodule malignancies by combining deep convolutional neural network and handcrafted features,"To predict lung nodule malignancy with a high sensitivity and specificity for low dose CT (LDCT) lung cancer screening, we propose a fusion algorithm that combines handcrafted features (HF) into the features learned at the output layer of a 3D deep convolutional neural network (CNN). First, we extracted twenty-nine HF, including nine intensity features, eight geometric features, and twelve texture features based on grey-level co-occurrence matrix (GLCM). We then trained 3D CNNs modified from three 2D CNN architectures (AlexNet, VGG-16 Net and Multi-crop Net) to extract the CNN features learned at the output layer. For each 3D CNN, the CNN features combined with the 29 HF were used as the input for the support vector machine (SVM) coupled with the sequential forward feature selection (SFS) method to select the optimal feature subset and construct the classifiers. The fusion algorithm takes full advantage of the HF and the highest level CNN features learned at the output layer. It can overcome the disadvantage of the HF that may not fully reflect the unique characteristics of a particular lesion by combining the intrinsic CNN features. Meanwhile, it also alleviates the requirement of a large scale annotated dataset for the CNNs based on the complementary of HF. The patient cohort includes 431 malignant nodules and 795 benign nodules extracted from the LIDC/IDRI database. For each investigated CNN architecture, the proposed fusion algorithm achieved the highest AUC, accuracy, sensitivity, and specificity scores among all competitive classification models.",ct,classification,1,0,1
Reproducible Machine Learning Methods for Lung Cancer Detection Using Computed Tomography Images: Algorithm Development and Validation,"BACKGROUND: Chest computed tomography (CT) is crucial for the detection of lung cancer, and many automated CT evaluation methods have been proposed. Due to the divergent software dependencies of the reported approaches, the developed methods are rarely compared or reproduced. OBJECTIVE: The goal of the research was to generate reproducible machine learning modules for lung cancer detection and compare the approaches and performances of the award-winning algorithms developed in the Kaggle Data Science Bowl. METHODS: We obtained the source codes of all award-winning solutions of the Kaggle Data Science Bowl Challenge, where participants developed automated CT evaluation methods to detect lung cancer (training set n=1397, public test set n=198, final test set n=506). The performance of the algorithms was evaluated by the log-loss function, and the Spearman correlation coefficient of the performance in the public and final test sets was computed. RESULTS: Most solutions implemented distinct image preprocessing, segmentation, and classification modules. Variants of U-Net, VGGNet, and residual net were commonly used in nodule segmentation, and transfer learning was used in most of the classification algorithms. Substantial performance variations in the public and final test sets were observed (Spearman correlation coefficient = .39 among the top 10 teams). To ensure the reproducibility of results, we generated a Docker container for each of the top solutions. CONCLUSIONS: We compared the award-winning algorithms for lung cancer detection and generated reproducible Docker images for the top solutions. Although convolutional neural networks achieved decent accuracy, there is plenty of room for improvement regarding model generalizability.",ct,detection,1,0,0
Semi-Supervised Deep Transfer Learning for Benign-Malignant Diagnosis of Pulmonary Nodules in Chest CT Images,"Lung cancer is the leading cause of cancer deaths worldwide. Accurately diagnosing the malignancy of suspected lung nodules is of paramount clinical importance. However, to date, the pathologically-proven lung nodule dataset is largely limited and is highly imbalanced in benign and malignant distributions. In this study, we proposed a Semi-supervised Deep Transfer Learning (SDTL) framework for benign-malignant pulmonary nodule diagnosis. First, we utilize a transfer learning strategy by adopting a pre-trained classification network that is used to differentiate pulmonary nodules from nodule-like tissues. Second, since the size of samples with pathological-proven is small, an iterated feature-matching-based semi-supervised method is proposed to take advantage of a large available dataset with no pathological results. Specifically, a similarity metric function is adopted in the network semantic representation space for gradually including a small subset of samples with no pathological results to iteratively optimize the classification network. In this study, a total of 3,038 pulmonary nodules (from 2,853 subjects) with pathologically-proven benign or malignant labels and 14,735 unlabeled nodules (from 4,391 subjects) were retrospectively collected. Experimental results demonstrate that our proposed SDTL framework achieves superior diagnosis performance, with accuracy = 88.3%, AUC = 91.0% in the main dataset, and accuracy = 74.5%, AUC = 79.5% in the independent testing dataset. Furthermore, ablation study shows that the use of transfer learning provides 2% accuracy improvement, and the use of semi-supervised learning further contributes 2.9% accuracy improvement. Results implicate that our proposed classification network could provide an effective diagnostic tool for suspected lung nodules, and might have a promising application in clinical practice.",ct,classification,1,0,1
Influence of CT effective dose and convolution kernel on the detection of pulmonary nodules in different artificial intelligence software systems: A phantom study,"PURPOSE: To investigate the effective dose (E) and convolution kernel's effects on the detection of pulmonary nodules in different artificial intelligence (AI) software systems. METHODS: Simulated nodules of various sizes and densities in the Lungman phantom were CT scanned at different levels of E (3 - 5, 1 - 3, 0.5 - 1, and <0.5 mSv) and were reconstructed with different kernels (B30f, B60f, and B80f). The number of nodules and corresponding volumes in different images were detected by four AI software systems (A, B, C, and D). Sensitivity, false positives (FPs), false negatives (FNs), and relative volume error (RVE) were calculated and compared to the aspects of the E and convolution kernel. RESULTS: System B had the highest median sensitivity (100 %). The median FPs of systems B (1) and D (1) was lower than A (11.5) and C (5). System D had the smallest RVE (13.12 %). When the E was <0.5 mSv, system D's sensitivity decreased, while the FPs and FNs of systems A and B increased significantly (P < 0.05). When the kernel was changed from B80f to B30f, the FPs of system A decreased, while that of system C increased, and the RVE of systems A, B, and C increased (P < 0.05). CONCLUSION: AI software systems B and D have high detection efficiency under normal or low dose conditions and show better stability. However, the detection efficiency of systems A and C would be affected by the E or convolution kernel, but the E would not affect the volume measurement of four systems.",ct,classification,1,0,1
Deep-COVID: Predicting COVID-19 from chest X-ray images using deep transfer learning,"The COVID-19 pandemic is causing a major outbreak in more than 150 countries around the world, having a severe impact on the health and life of many people globally. One of the crucial step in fighting COVID-19 is the ability to detect the infected patients early enough, and put them under special care. Detecting this disease from radiography and radiology images is perhaps one of the fastest ways to diagnose the patients. Some of the early studies showed specific abnormalities in the chest radiograms of patients infected with COVID-19. Inspired by earlier works, we study the application of deep learning models to detect COVID-19 patients from their chest radiography images. We first prepare a dataset of 5000 Chest X-rays from the publicly available datasets. Images exhibiting COVID-19 disease presence were identified by board-certified radiologist. Transfer learning on a subset of 2000 radiograms was used to train four popular convolutional neural networks, including ResNet18, ResNet50, SqueezeNet, and DenseNet-121, to identify COVID-19 disease in the analyzed chest X-ray images. We evaluated these models on the remaining 3000 images, and most of these networks achieved a sensitivity rate of 98% ( ± 3%), while having a specificity rate of around 90%. Besides sensitivity and specificity rates, we also present the receiver operating characteristic (ROC) curve, precision-recall curve, average prediction, and confusion matrix of each model. We also used a technique to generate heatmaps of lung regions potentially infected by COVID-19 and show that the generated heatmaps contain most of the infected areas annotated by our board certified radiologist. While the achieved performance is very encouraging, further analysis is required on a larger set of COVID-19 images, to have a more reliable estimation of accuracy rates. The dataset, model implementations (in PyTorch), and evaluations, are all made publicly available for research community at https://github.com/shervinmin/DeepCovid.git.",xr,classification,1,0,0
Artificial intelligence for detecting small FDG-positive lung nodules in digital PET/CT: impact of image reconstructions on diagnostic performance,"OBJECTIVES: To evaluate the diagnostic performance of a deep learning algorithm for automated detection of small (18)F-FDG-avid pulmonary nodules in PET scans, and to assess whether novel block sequential regularized expectation maximization (BSREM) reconstruction affects detection accuracy as compared to ordered subset expectation maximization (OSEM) reconstruction. METHODS: Fifty-seven patients with 92 (18)F-FDG-avid pulmonary nodules (all ≤ 2 cm) undergoing PET/CT for oncological (re-)staging were retrospectively included and a total of 8824 PET images of the lungs were extracted using OSEM and BSREM reconstruction. Per-slice and per-nodule sensitivity of a deep learning algorithm was assessed, with an expert readout by a radiologist/nuclear medicine physician serving as standard of reference. Receiver-operator characteristic (ROC) curve of OSEM and BSREM were assessed and the areas under the ROC curve (AUC) were compared. A maximum standardized uptake value (SUV(max))-based sensitivity analysis and a size-based sensitivity analysis with subgroups defined by nodule size was performed. RESULTS: The AUC of the deep learning algorithm for nodule detection using OSEM reconstruction was 0.796 (CI 95%; 0.772-0.869), and 0.848 (CI 95%; 0.828-0.869) using BSREM reconstruction. The AUC was significantly higher for BSREM compared to OSEM (p = 0.001). On a per-slice analysis, sensitivity and specificity were 66.7% and 79.0% for OSEM, and 69.2% and 84.5% for BSREM. On a per-nodule analysis, the overall sensitivity of OSEM was 81.5% compared to 87.0% for BSREM. CONCLUSIONS: Our results suggest that machine learning algorithms may aid detection of small (18)F-FDG-avid pulmonary nodules in clinical PET/CT. AI performed significantly better on images with BSREM than OSEM. KEY POINTS: • The diagnostic value of deep learning for detecting small lung nodules (≤ 2 cm) in PET images using BSREM and OSEM reconstruction was assessed. • BSREM yields higher SUV(max)of small pulmonary nodules as compared to OSEM reconstruction. • The use of BSREM translates into a higher detectability of small pulmonary nodules in PET images as assessed with artificial intelligence.",pet,classification,1,0,0
Deep Mining Generation of Lung Cancer Malignancy Models from Chest X-ray Images,"Lung cancer is the leading cause of cancer death and morbidity worldwide. Many studies have shown machine learning models to be effective in detecting lung nodules from chest X-ray images. However, these techniques have yet to be embraced by the medical community due to several practical, ethical, and regulatory constraints stemming from the ""black-box"" nature of deep learning models. Additionally, most lung nodules visible on chest X-rays are benign; therefore, the narrow task of computer vision-based lung nodule detection cannot be equated to automated lung cancer detection. Addressing both concerns, this study introduces a novel hybrid deep learning and decision tree-based computer vision model, which presents lung cancer malignancy predictions as interpretable decision trees. The deep learning component of this process is trained using a large publicly available dataset on pathological biomarkers associated with lung cancer. These models are then used to inference biomarker scores for chest X-ray images from two independent data sets, for which malignancy metadata is available. Next, multi-variate predictive models were mined by fitting shallow decision trees to the malignancy stratified datasets and interrogating a range of metrics to determine the best model. The best decision tree model achieved sensitivity and specificity of 86.7% and 80.0%, respectively, with a positive predictive value of 92.9%. Decision trees mined using this method may be considered as a starting point for refinement into clinically useful multi-variate lung cancer malignancy models for implementation as a workflow augmentation tool to improve the efficiency of human radiologists.",xr,classification,1,0,0
MD-NDNet: a multi-dimensional convolutional neural network for false-positive reduction in pulmonary nodule detection,"Pulmonary nodule false-positive reduction is of great significance for automated nodule detection in clinical diagnosis of low-dose computed tomography (LDCT) lung cancer screening. Due to individual intra-nodule variations and visual similarities between true nodules and false positives as soft tissues in LDCT images, the current clinical practices remain subject to shortcomings of potential high-risk and time-consumption issues. In this paper, we propose a multi-dimensional nodule detection network (MD-NDNet) for automatic nodule false-positive reduction using deep convolutional neural network (DCNNs). The underlying method collaboratively integrates multi-dimensional nodule information to complementarily and comprehensively extract nodule inter-plane volumetric correlation features using three-dimensional CNNs (3D CNNs) and spatial nodule correlation features from sagittal, coronal, and axial planes using two-dimensional CNNs (2D CNNs) with attention module. To incorporate different sizes and shapes of nodule candidates, a multi-scale ensemble strategy is employed for probability aggregation with weights. The proposed method is evaluated on the LUNA16 challenge dataset in ISBI 2016 with ten-fold cross-validation. Experiment results show that the proposed framework achieves classification performance with a CPM score of 0.9008. All of these indicate that our method enables an efficient, accurate and reliable pulmonary nodule detection for clinical diagnosis.",ct,classification,1,0,1
Dual energy CT image prediction on primary tumor of lung cancer for nodal metastasis using deep learning,"Lymph node metastasis (LNM) identification is the most clinically important tasks related to survival and recurrence from lung cancer. However, the preoperative prediction of nodal metastasis remains a challenge to determine surgical plans and pretreatment decisions in patients with cancers. We proposed a novel deep prediction method with a size-related damper block for nodal metastasis (Nmet) identification from the primary tumor in lung cancer generated by gemstone spectral imaging (GSI) dual-energy computer tomography (CT). The best model is the proposed method trained by the 40 keV dataset achieves an accuracy of 86 % and a Kappa value of 72 % for Nmet prediction. In the experiment, we have 11 different monochromatic images from 40∼140 keV (the interval is 10 keV) for each patient. When we used the model of 40 keV dataset, there has significant difference in other energy levels (unit of keV). Therefore, we apply in 5-fold cross-validation to explain the lower keV is more efficient to predict Nmet of the primary tumor. The result shows that tumor heterogeneity and size contributed to the proposed model to estimate whether absence or presence of nodal metastasis from the primary tumor.",ct,classification,1,0,1
Development and prospective validation of COVID-19 chest X-ray screening model for patients attending emergency departments,"Chest X-rays (CXRs) are the first-line investigation in patients presenting to emergency departments (EDs) with dyspnoea and are a valuable adjunct to clinical management of COVID-19 associated lung disease. Artificial intelligence (AI) has the potential to facilitate rapid triage of CXRs for further patient testing and/or isolation. In this work we develop an AI algorithm, CovIx, to differentiate normal, abnormal, non-COVID-19 pneumonia, and COVID-19 CXRs using a multicentre cohort of 293,143 CXRs. The algorithm is prospectively validated in 3289 CXRs acquired from patients presenting to ED with symptoms of COVID-19 across four sites in NHS Greater Glasgow and Clyde. CovIx achieves area under receiver operating characteristic curve for COVID-19 of 0.86, with sensitivity and F1-score up to 0.83 and 0.71 respectively, and performs on-par with four board-certified radiologists. AI-based algorithms can identify CXRs with COVID-19 associated pneumonia, as well as distinguish non-COVID pneumonias in symptomatic patients presenting to ED. Pre-trained models and inference scripts are freely available at https://github.com/beringresearch/bravecx-covid .",xr,classification,1,0,0
Artificial intelligence for the detection of COVID-19 pneumonia on chest CT using multinational datasets,"Chest CT is emerging as a valuable diagnostic tool for clinical management of COVID-19 associated lung disease. Artificial intelligence (AI) has the potential to aid in rapid evaluation of CT scans for differentiation of COVID-19 findings from other clinical entities. Here we show that a series of deep learning algorithms, trained in a diverse multinational cohort of 1280 patients to localize parietal pleura/lung parenchyma followed by classification of COVID-19 pneumonia, can achieve up to 90.8% accuracy, with 84% sensitivity and 93% specificity, as evaluated in an independent test set (not included in training and validation) of 1337 patients. Normal controls included chest CTs from oncology, emergency, and pneumonia-related indications. The false positive rate in 140 patients with laboratory confirmed other (non COVID-19) pneumonias was 10%. AI-based algorithms can readily identify CT scans with COVID-19 associated pneumonia, as well as distinguish non-COVID related pneumonias with high specificity in diverse patient populations.",ct,classification,1,0,1
Improving the performance of CNN to predict the likelihood of COVID-19 using chest X-ray images with preprocessing algorithms,"OBJECTIVE: This study aims to develop and test a new computer-aided diagnosis (CAD) scheme of chest X-ray images to detect coronavirus (COVID-19) infected pneumonia. METHOD: CAD scheme first applies two image preprocessing steps to remove the majority of diaphragm regions, process the original image using a histogram equalization algorithm, and a bilateral low-pass filter. Then, the original image and two filtered images are used to form a pseudo color image. This image is fed into three input channels of a transfer learning-based convolutional neural network (CNN) model to classify chest X-ray images into 3 classes of COVID-19 infected pneumonia, other community-acquired no-COVID-19 infected pneumonia, and normal (non-pneumonia) cases. To build and test the CNN model, a publicly available dataset involving 8474 chest X-ray images is used, which includes 415, 5179 and 2,880 cases in three classes, respectively. Dataset is randomly divided into 3 subsets namely, training, validation, and testing with respect to the same frequency of cases in each class to train and test the CNN model. RESULTS: The CNN-based CAD scheme yields an overall accuracy of 94.5 % (2404/2544) with a 95 % confidence interval of [0.93,0.96] in classifying 3 classes. CAD also yields 98.4 % sensitivity (124/126) and 98.0 % specificity (2371/2418) in classifying cases with and without COVID-19 infection. However, without using two preprocessing steps, CAD yields a lower classification accuracy of 88.0 % (2239/2544). CONCLUSION: This study demonstrates that adding two image preprocessing steps and generating a pseudo color image plays an important role in developing a deep learning CAD scheme of chest X-ray images to improve accuracy in detecting COVID-19 infected pneumonia.",xr,classification,1,0,0
Predicting response to cancer immunotherapy using noninvasive radiomic biomarkers,"INTRODUCTION: Immunotherapy is regarded as one of the major breakthroughs in cancer treatment. Despite its success, only a subset of patients responds-urging the quest for predictive biomarkers. We hypothesize that artificial intelligence (AI) algorithms can automatically quantify radiographic characteristics that are related to and may therefore act as noninvasive radiomic biomarkers for immunotherapy response. PATIENTS AND METHODS: In this study, we analyzed 1055 primary and metastatic lesions from 203 patients with advanced melanoma and non-small-cell lung cancer (NSCLC) undergoing anti-PD1 therapy. We carried out an AI-based characterization of each lesion on the pretreatment contrast-enhanced CT imaging data to develop and validate a noninvasive machine learning biomarker capable of distinguishing between immunotherapy responding and nonresponding. To define the biological basis of the radiographic biomarker, we carried out gene set enrichment analysis in an independent dataset of 262 NSCLC patients. RESULTS: The biomarker reached significant performance on NSCLC lesions (up to 0.83 AUC, P < 0.001) and borderline significant for melanoma lymph nodes (0.64 AUC, P = 0.05). Combining these lesion-wide predictions on a patient level, immunotherapy response could be predicted with an AUC of up to 0.76 for both cancer types (P < 0.001), resulting in a 1-year survival difference of 24% (P = 0.02). We found highly significant associations with pathways involved in mitosis, indicating a relationship between increased proliferative potential and preferential response to immunotherapy. CONCLUSIONS: These results indicate that radiographic characteristics of lesions on standard-of-care imaging may function as noninvasive biomarkers for response to immunotherapy, and may show utility for improved patient stratification in both neoadjuvant and palliative settings.",ct,classification,0,0,0
Explainable DCNN based chest X-ray image analysis and classification for COVID-19 pneumonia detection,"To speed up the discovery of COVID-19 disease mechanisms by X-ray images, this research developed a new diagnosis platform using a deep convolutional neural network (DCNN) that is able to assist radiologists with diagnosis by distinguishing COVID-19 pneumonia from non-COVID-19 pneumonia in patients based on chest X-ray classification and analysis. Such a tool can save time in interpreting chest X-rays and increase the accuracy and thereby enhance our medical capacity for the detection and diagnosis of COVID-19. The explainable method is also used in the DCNN to select instances of the X-ray dataset images to explain the behavior of training-learning models to achieve higher prediction accuracy. The average accuracy of our method is above 96%, which can replace manual reading and has the potential to be applied to large-scale rapid screening of COVID-9 for widely use cases.",xr,classification,1,0,0
Radiomics for Classification of Lung Cancer Histological Subtypes Based on Nonenhanced Computed Tomography,"OBJECTIVES: To evaluate the performance of using radiomics method to classify lung cancer histological subtypes based on nonenhanced computed tomography images. MATERIALS AND METHODS: 278 patients with pathologically confirmed lung cancer were collected, including 181 nonsmall cell lung cancer (NSCLC) and 97 small cell lung cancers (SCLC) patients. Among the NSCLC patients, 88 patients were adenocarcinomas (AD) and 93 patients were squamous cell carcinomas (SCC). In total, 1695 quantitative radiomic features (QRF) were calculated from the primary lung cancer tumor in each patient. To build radiomic classification model based on the extracted QRFs, several machine-learning algorithms were applied sequentially. First, unsupervised hierarchical clustering was used to exclude highly correlated QRFs; second, the minimum Redundancy Maximum Relevance feature selection algorithm was employed to select informative and nonredundant QRFs; finally, the Incremental Forward Search and Support Vector Machine classification algorithms were used to combine the selected QRFs and build the model. In our work, to study the phenotypic differences among lung cancer histological subtypes, four classification models were built. They were models of SCLC vs NSCLC, SCLC vs AD, SCLC vs SCC, and AD vs SCC. The performance of the classification models was evaluated by the area under the receiver operating characteristic curve (AUC) estimated by three-fold cross-validation. RESULTS: The AUC (95% confidence interval) for the model of SCLC vs NSCLC was 0.741(0.678, 0.795). For the models of SCLC vs AD and SCLC vs SCC, the AUCs were 0.822(0.755, 0.875) and 0.665(0.583, 0.738), respectively. The AUC for the model of AD vs SCC was 0.655(0.570, 0.731). Several QRFs (""Law_15,"" ""LoG_Uniformity,"" ""GLCM_Contrast,"" and ""Compactness Factor"") that characterize tumor heterogeneity and shape were selected as the significant features to build the models. CONCLUSION: Our results show that phenotypic differences exist among different lung cancer histological subtypes on nonenhanced computed tomography image.",ct,classification,0,0,0
Drawing insights from COVID-19-infected patients using CT scan images and machine learning techniques: a study on 200 patients,"As the whole world is witnessing what novel coronavirus (COVID-19) can do to the mankind, it presents several unique features also. In the absence of specific vaccine for COVID-19, it is essential to detect the disease at an early stage and isolate an infected patient. Till today there is a global shortage of testing labs and testing kits for COVID-19. This paper discusses about the role of machine learning techniques for getting important insights like whether lung computed tomography (CT) scan should be the first screening/alternative test for real-time reverse transcriptase-polymerase chain reaction (RT-PCR), is COVID-19 pneumonia different from other viral pneumonia and if yes how to distinguish it using lung CT scan images from the carefully selected data of lung CT scan COVID-19-infected patients from the hospitals of Italy, China, Moscow and India? For training and testing the proposed system, custom vision software of Microsoft azure based on machine learning techniques is used. An overall accuracy of almost 91% is achieved for COVID-19 classification using the proposed methodology.",ct,classification,1,0,1
An original deep learning model using limited data for COVID-19 discrimination: A multicenter study,"OBJECTIVES: Artificial intelligence (AI) has been proved to be a highly efficient tool for COVID-19 diagnosis, but the large data size and heavy label force required for algorithm development and the poor generalizability of AI algorithms, to some extent, limit the application of AI technology in clinical practice. The aim of this study is to develop an AI algorithm with high robustness using limited chest CT data for COVID-19 discrimination. METHODS: A three dimensional algorithm that combined multi-instance learning with the LSTM architecture (3DMTM) was developed for differentiating COVID-19 from community acquired pneumonia (CAP) while logistic regression (LR), k-nearest neighbor (KNN), support vector machine (SVM), and a three dimensional convolutional neural network set for comparison. Totally, 515 patients with or without COVID-19 between December 2019 and March 2020 from five different hospitals were recruited and divided into relatively large (150 COVID-19 and 183 CAP cases) and relatively small datasets (17 COVID-19 and 35 CAP cases) for either training or validation and another independent dataset (37 COVID-19 and 93 CAP cases) for external test. Area under the receiver operating characteristic curve (AUC), sensitivity, specificity, precision, accuracy, F1 score, and G-mean were utilized for performance evaluation. RESULTS: In the external test cohort, the relatively large data-based 3DMTM-LD achieved an AUC of 0.956 (95% confidence interval, 95% CI, 0.929∼0.982) with 86.2% and 98.0% for its sensitivity and specificity. 3DMTM-SD got an AUC of 0.937 (95% CI, 0.909∼0.965), while the AUC of 3DCM-SD decreased dramatically to 0.714 (95% CI, 0.649∼0.780) with training data reduction. KNN-MMSD, LR-MMSD, SVM-MMSD, and 3DCM-MMSD benefited significantly from the inclusion of clinical information while models trained with relatively large dataset got slight performance improvement in COVID-19 discrimination. 3DMTM, trained with either CT or multi-modal data, presented comparably excellent performance in COVID-19 discrimination. CONCLUSIONS: The 3DMTM algorithm presented excellent robustness for COVID-19 discrimination with limited CT data. 3DMTM based on CT data performed comparably in COVID-19 discrimination with that trained with multi-modal information. Clinical information could improve the performance of KNN, LR, SVM, and 3DCM in COVID-19 discrimination, especially in the scenario with limited data for training.",ct,classification,1,0,1
Knowledge-based Collaborative Deep Learning for Benign-Malignant Lung Nodule Classification on Chest CT,"The accurate identification of malignant lung nodules on chest CT is critical for the early detection of lung cancer, which also offers patients the best chance of cure. Deep learning methods have recently been successfully introduced to computer vision problems, although substantial challenges remain in the detection of malignant nodules due to the lack of large training data sets. In this paper, we propose a multi-view knowledge-based collaborative (MV-KBC) deep model to separate malignant from benign nodules using limited chest CT data. Our model learns 3-D lung nodule characteristics by decomposing a 3-D nodule into nine fixed views. For each view, we construct a knowledge-based collaborative (KBC) submodel, where three types of image patches are designed to fine-tune three pre-trained ResNet-50 networks that characterize the nodules' overall appearance, voxel, and shape heterogeneity, respectively. We jointly use the nine KBC submodels to classify lung nodules with an adaptive weighting scheme learned during the error back propagation, which enables the MV-KBC model to be trained in an end-to-end manner. The penalty loss function is used for better reduction of the false negative rate with a minimal effect on the overall performance of the MV-KBC model. We tested our method on the benchmark LIDC-IDRI data set and compared it to the five state-of-the-art classification approaches. Our results show that the MV-KBC model achieved an accuracy of 91.60% for lung nodule classification with an AUC of 95.70%. These results are markedly superior to the state-of-the-art approaches.",ct,classification,1,0,1
Malignant-benign classification of pulmonary nodules based on random forest aided by clustering analysis,"To help the radiologists better differentiate the benign from malignant pulmonary nodules on CT images, a novel classification scheme was proposed to improve the performance of benign and malignant classifier of pulmonary nodules. First, the pulmonary nodules were segmented with the references to the results from four radiologists. Then, some basic features of the segmented nodules such as the shape, gray and texture are given by calculation. Finally, malignant-benign classification of pulmonary nodules is performed by using random forest (RF) with the aid of clustering analysis. The data with a set of 952 nodules have been collected from lung image database consortium (LIDC). The effect of proposed classification scheme was verified by three experiments, in which the variant composite rank of malignancy were got from four radiologists (experiment 1: rank of malignancy '1', '2' as benign and '4', '5' as malignant; experiment 2: rank of malignancy '1', '2', '3' as benign and '4', '5' as malignant; experiment 3: rank of malignancy '1', '2' as benign and '3', '4', '5' as malignant) and the corresponding ([Formula: see text]) (area under the receiver operating characteristic curve) are 0.9702, 0.9190 and 0.8662, respectively. It can be drawn that the method in this work can greatly improve the accuracy of the classification of benign and malignant pulmonary nodules based on CT images.",ct,classification,0,0,0
3D multi-scale deep convolutional neural networks for pulmonary nodule detection,"With the rapid development of big data and artificial intelligence technology, computer-aided pulmonary nodule detection based on deep learning has achieved some successes. However, the sizes of pulmonary nodules vary greatly, and the pulmonary nodules have visual similarity with structures such as blood vessels and shadows around pulmonary nodules, which make the quick and accurate detection of pulmonary nodules in CT image still a challenging task. In this paper, we propose two kinds of 3D multi-scale deep convolution neural networks for nodule candidate detection and false positive reduction respectively. Among them, the nodule candidate detection network consists of two parts: 1) the backbone network part Res2SENet, which is used to extract multi-scale feature information of pulmonary nodules, it is composed of the multi-scale Res2Net modules of multiple available receptive fields at a granular level and the squeeze-and-excitation units; 2) the detection part, which uses a region proposal network structure to determine region candidates, and introduces context enhancement module and spatial attention module to improve detection performance. The false positive reduction network, also composed of the multi-scale Res2Net modules and the squeeze-and-excitation units, can further classify the nodule candidates generated by the nodule candidate detection network and screen out the ground truth positive nodules. Finally, the prediction probability generated by the nodule candidate detection network is weighted average with the prediction probability generated by the false positive reduction network to obtain the final results. The experimental results on the publicly available LUNA16 dataset showed that the proposed method has a superior ability to detect pulmonary nodules in CT images.",ct,segmentation,1,0,0
Adaptive Feature Selection Guided Deep Forest for COVID-19 Classification With Chest CT,"Chest computed tomography (CT) becomes an effective tool to assist the diagnosis of coronavirus disease-19 (COVID-19). Due to the outbreak of COVID-19 worldwide, using the computed-aided diagnosis technique for COVID-19 classification based on CT images could largely alleviate the burden of clinicians. In this paper, we propose an Adaptive Feature Selection guided Deep Forest (AFS-DF) for COVID-19 classification based on chest CT images. Specifically, we first extract location-specific features from CT images. Then, in order to capture the high-level representation of these features with the relatively small-scale data, we leverage a deep forest model to learn high-level representation of the features. Moreover, we propose a feature selection method based on the trained deep forest model to reduce the redundancy of features, where the feature selection could be adaptively incorporated with the COVID-19 classification model. We evaluated our proposed AFS-DF on COVID-19 dataset with 1495 patients of COVID-19 and 1027 patients of community acquired pneumonia (CAP). The accuracy (ACC), sensitivity (SEN), specificity (SPE), AUC, precision and F1-score achieved by our method are 91.79%, 93.05%, 89.95%, 96.35%, 93.10% and 93.07%, respectively. Experimental results on the COVID-19 dataset suggest that the proposed AFS-DF achieves superior performance in COVID-19 vs. CAP classification, compared with 4 widely used machine learning methods.",ct,classification,1,0,1
Central focused convolutional neural networks: Developing a data-driven model for lung nodule segmentation,"Accurate lung nodule segmentation from computed tomography (CT) images is of great importance for image-driven lung cancer analysis. However, the heterogeneity of lung nodules and the presence of similar visual characteristics between nodules and their surroundings make it difficult for robust nodule segmentation. In this study, we propose a data-driven model, termed the Central Focused Convolutional Neural Networks (CF-CNN), to segment lung nodules from heterogeneous CT images. Our approach combines two key insights: 1) the proposed model captures a diverse set of nodule-sensitive features from both 3-D and 2-D CT images simultaneously; 2) when classifying an image voxel, the effects of its neighbor voxels can vary according to their spatial locations. We describe this phenomenon by proposing a novel central pooling layer retaining much information on voxel patch center, followed by a multi-scale patch learning strategy. Moreover, we design a weighted sampling to facilitate the model training, where training samples are selected according to their degree of segmentation difficulty. The proposed method has been extensively evaluated on the public LIDC dataset including 893 nodules and an independent dataset with 74 nodules from Guangdong General Hospital (GDGH). We showed that CF-CNN achieved superior segmentation performance with average dice scores of 82.15% and 80.02% for the two datasets respectively. Moreover, we compared our results with the inter-radiologists consistency on LIDC dataset, showing a difference in average dice score of only 1.98%.",ct,segmentation,1,0,0
Vulture-Based AdaBoost-Feedforward Neural Frame Work for COVID-19 Prediction and Severity Analysis System,"In today's scenario, many scientists and medical researchers have been involved in deep research for discovering the desired medicine to reduce the spread of COVID-19 disease. However, still, it is not the end. Hence, predicting the COVID possibility in an early stage is the most required matter to reduce the death risks. Therefore, many researchers have focused on designing an early prediction mechanism in the basis of deep learning (DL), machine learning (Ml), etc., on detecting the COVID virus and severity in the human body in an earlier stage. However, the complexity of X-ray images has made it difficult to attain the finest prediction accuracy. Hence, the present research work has aimed to develop a novel Vulture Based Adaboost-Feedforward Neural (VbAFN) scheme to forecast the COVID-19 severity early. Here, the chest X-ray images were employed to identify the COVID risk feature in humans. The preprocessing function is done in the initial phase; the error-free data is imported to the classification layer for the feature extraction and segmentation process. This investigation aims to track and segment the affected parts from the trained X-ray images by the vulture fitness and to segment them with a good exactness rate. Subsequently, the designed model has gained a better segmentation accuracy of 99.9% and a lower error rate of 0.0145, which is better than other compared models. Hence, this proposed model in medical applications will offer the finest results.",xr,"segmentation, classification",1,0,0
Predictive Features of Thymic Carcinoma and High-Risk Thymomas Using Random Forest Analysis,"PURPOSE: To determine the predictive features of thymic carcinomas and high-risk thymomas using random forest algorithm. METHODS: A total of 137 patients with pathologically confirmed high-risk thymomas and thymic carcinomas were enrolled in this study. Three clinical features and 20 computed tomography features were reviewed. The association between computed tomography features and pathological patterns was analyzed by univariate analysis and random forest. The predictive efficiency of the random forest algorithm was evaluated by receiver operating characteristic curve analysis. RESULTS: There were 92 thymic carcinomas and 45 high-risk thymomas in this study. In univariate analysis, patient age, presence of myasthenia gravis, lesion shape, enhancement pattern, presence of necrosis or cystic change, mediastinal invasion, vessel invasion, lymphadenopathy, pericardial effusion, and distant organ metastasis were found to be statistically different between high-risk thymomas and thymic carcinomas (all P < 0.01). Random forest suggested that tumor shape, lymphadenopathy, and the presence of pericardial effusion were the key features in tumor differentiation. The predictive accuracy for the test data and whole data was 94.73% and 96.35%, respectively. Further receiver operating characteristic curve analysis showed the area under the curve was 0.957 (95% confidence interval, 0.986-0.929). CONCLUSIONS: The random forest model in the present study has high efficiency in predictive diagnosis of thymic carcinomas and high-risk thymomas. Tumor shape, lymphadenopathy, and pericardial effusion are the key features for tumor differentiation. Thymic tumors with irregular shape, the presence of lymphadenopathy, and pericardial effusion are highly indicative of thymic carcinomas.",ct,classification,0,0,0
The value of nodal information in predicting lung cancer relapse using 4DPET/4DCT,"PURPOSE: There is evidence that computed tomography (CT) and positron emission tomography (PET) imaging metrics are prognostic and predictive in nonsmall cell lung cancer (NSCLC) treatment outcomes. However, few studies have explored the use of standardized uptake value (SUV)-based image features of nodal regions as predictive features. The authors investigated and compared the use of tumor and node image features extracted from the radiotherapy target volumes to predict relapse in a cohort of NSCLC patients undergoing chemoradiation treatment. METHODS: A prospective cohort of 25 patients with locally advanced NSCLC underwent 4DPET/4DCT imaging for radiation planning. Thirty-seven image features were derived from the CT-defined volumes and SUVs of the PET image from both the tumor and nodal target regions. The machine learning methods of logistic regression and repeated stratified five-fold cross-validation (CV) were used to predict local and overall relapses in 2 yr. The authors used well-known feature selection methods (Spearman's rank correlation, recursive feature elimination) within each fold of CV. Classifiers were ranked on their Matthew's correlation coefficient (MCC) after CV. Area under the curve, sensitivity, and specificity values are also presented. RESULTS: For predicting local relapse, the best classifier found had a mean MCC of 0.07 and was composed of eight tumor features. For predicting overall relapse, the best classifier found had a mean MCC of 0.29 and was composed of a single feature: the volume greater than 0.5 times the maximum SUV (N). CONCLUSIONS: The best classifier for predicting local relapse had only tumor features. In contrast, the best classifier for predicting overall relapse included a node feature. Overall, the methods showed that nodes add value in predicting overall relapse but not local relapse.",ct,classification,0,0,0
Lung Disease Classification in CXR Images Using Hybrid Inception-ResNet-v2 Model and Edge Computing,"Chest X-ray (CXR) imaging is one of the most widely used and economical tests to diagnose a wide range of diseases. However, even for expert radiologists, it is a challenge to accurately diagnose diseases from CXR samples. Furthermore, there remains an acute shortage of trained radiologists worldwide. In the present study, a range of machine learning (ML), deep learning (DL), and transfer learning (TL) approaches have been evaluated to classify diseases in an openly available CXR image dataset. A combination of the synthetic minority over-sampling technique (SMOTE) and weighted class balancing is used to alleviate the effects of class imbalance. A hybrid Inception-ResNet-v2 transfer learning model coupled with data augmentation and image enhancement gives the best accuracy. The model is deployed in an edge environment using Amazon IoT Core to automate the task of disease detection in CXR images with three categories, namely pneumonia, COVID-19, and normal. Comparative analysis has been given in various metrics such as precision, recall, accuracy, AUC-ROC score, etc. The proposed technique gives an average accuracy of 98.66%. The accuracies of other TL models, namely SqueezeNet, VGG19, ResNet50, and MobileNetV2 are 97.33%, 91.66%, 90.33%, and 76.00%, respectively. Further, a DL model, trained from scratch, gives an accuracy of 92.43%. Two feature-based ML classification techniques, namely support vector machine with local binary pattern (SVM + LBP) and decision tree with histogram of oriented gradients (DT + HOG) yield an accuracy of 87.98% and 86.87%, respectively.",xr,classification,1,0,0
Sensitivity analysis of FDG PET tumor voxel cluster radiomics and dosimetry for predicting mid-chemoradiation regional response of locally advanced lung cancer,"We investigated the sensitivity of regional tumor response prediction to variability in voxel clustering techniques, imaging features, and machine learning algorithms in 25 patients with locally advanced non-small cell lung cancer (LA-NSCLC) enrolled on the FLARE-RT clinical trial. Metabolic tumor volumes (MTV) from pre-chemoradiation (PETpre) and mid-chemoradiation fluorodeoxyglucose-positron emission tomography (FDG PET) images (PETmid) were subdivided into K-means or hierarchical voxel clusters by standardized uptake values (SUV) and 3D-positions. MTV cluster separability was evaluated by CH index, and morphologic changes were captured by Dice similarity and centroid Euclidean distance. PETpre conventional features included SUVmean, MTV/MTV cluster size, and mean radiation dose. PETpre radiomics consisted of 41 intensity histogram and 3D texture features (PET Oncology Radiomics Test Suite) extracted from MTV or MTV clusters. Machine learning models (multiple linear regression, support vector regression, logistic regression, support vector machines) of conventional features or radiomic features were constructed to predict PETmid response. Leave-one-out-cross-validated root-mean-squared-error (RMSE) for continuous response regression (ΔSUVmean) and area-under-receiver-operating-characteristic-curve (AUC) for binary response classification were calculated. K-means MTV 2-clusters (MTVhi, MTVlo) achieved maximum CH index separability (Friedman p < 0.001). Between PETpre and PETmid, MTV cluster pairs overlapped (Dice 0.70-0.87) and migrated 0.6-1.1 cm. PETmid ΔSUVmean response prediction was superior in MTV and MTVlo (RMSE = 0.17-0.21) compared to MTVhi (RMSE = 0.42-0.52, Friedman p < 0.001). PETmid ΔSUVmean response class prediction performance trended higher in MTVlo (AUC = 0.83-0.88) compared to MTVhi (AUC = 0.44-0.58, Friedman p = 0.052). Models were more sensitive to MTV/MTV cluster regions (Friedman p = 0.026) than feature sets/algorithms (Wilcoxon signed-rank p = 0.36). Top-ranked radiomic features included GLZSM-LZHGE (large-zone-high-SUV), GTSDM-CP (cluster-prominence), GTSDM-CS (cluster-shade) and NGTDM-CNT (contrast). Top-ranked features were consistent between MTVhi and MTVlo cluster pairs but varied between MTVhi-MTVlo clusters, reflecting distinct regional radiomic phenotypes. Variability in tumor voxel cluster response prediction can inform robust radiomic target definition for risk-adaptive chemoradiation in patients with LA-NSCLC. FLARE-RT trial: NCT02773238.",pet,classification,0,0,0
Multi-classifier-based identification of COVID-19 from chest computed tomography using generalizable and interpretable radiomics features,"PURPOSE: To investigate the efficacy of radiomics in diagnosing patients with coronavirus disease (COVID-19) and other types of viral pneumonia with clinical symptoms and CT signs similar to those of COVID-19. METHODS: Between 18 January 2020 and 20 May 2020, 110 SARS-CoV-2 positive and 108 SARS-CoV-2 negative patients were retrospectively recruited from three hospitals based on the inclusion criteria. Manual segmentation of pneumonia lesions on CT scans was performed by four radiologists. The latest version of Pyradiomics was used for feature extraction. Four classifiers (linear classifier, k-nearest neighbour, least absolute shrinkage and selection operator [LASSO], and random forest) were used to differentiate SARS-CoV-2 positive and SARS-CoV-2 negative patients. Comparison of the performance of the classifiers and radiologists was evaluated by ROC curve and Kappa score. RESULTS: We manually segmented 16,053 CT slices, comprising 32,625 pneumonia lesions, from the CT scans of all patients. Using Pyradiomics, 120 radiomic features were extracted from each image. The key radiomic features screened by different classifiers varied and lead to significant differences in classification accuracy. The LASSO achieved the best performance (sensitivity: 72.2%, specificity: 75.1%, and AUC: 0.81) on the external validation dataset and attained excellent agreement (Kappa score: 0.89) with radiologists (average sensitivity: 75.6%, specificity: 78.2%, and AUC: 0.81). All classifiers indicated that ""Original_Firstorder_RootMeanSquared"" and ""Original_Firstorder_Uniformity"" were significant features for this task. CONCLUSIONS: We identified radiomic features that were significantly associated with the classification of COVID-19 pneumonia using multiple classifiers. The quantifiable interpretation of the differences in features between the two groups extends our understanding of CT imaging characteristics of COVID-19 pneumonia.",ct,classification,0,0,0
Similarity measurement of lung masses for medical image retrieval using kernel based semisupervised distance metric,"PURPOSE: To develop a new algorithm to measure the similarity between the query lung mass and reference lung mass data set for content-based medical image retrieval (CBMIR). METHODS: A lung mass data set including 746 mass regions of interest (ROIs) was assembled. Among them, 375 ROIs depicted malignant lesions and 371 depicted benign lesions. Each mass ROI is represented by a vector of 26 texture features. A kernel function was employed to map the original data in input space to a feature space. In this space, a semisupervised distance metric was learned, which used differential scatter discriminant criterion to represent the semantic relevance, and the regularization term to represent the visual similarity. The learned distance metric can measure the similarity of the query mass and reference mass data set. The clustering accuracy is used to configure the parameters. The retrieval accuracy and classification accuracy are used as the performance assessment index. RESULTS: After configuring the parameters, a mean clustering accuracy of 0.87 can be achieved. For retrieval accuracy, our algorithm achieves better performance than other state-of-the-art retrieval algorithms when applying a leave-one-out validation method to the testing data set. For classification accuracy, the area under the ROC curve of our algorithm can be achieved as 0.941 ± 0.006. The running times of 346 query images with the proposed algorithm are 5.399 and 6.0 s, respectively. CONCLUSIONS: The study results demonstrated the proposed algorithm outperforms the compared algorithms, when taking the semantic relevant and visual similarity into account in kernel space. The algorithm can be used in a CBMIR system for a query mass to retrieve similarity masses, which can help doctors make better decisions.",ct,classification,1,0,1
Comparing different machine learning techniques for predicting COVID-19 severity,"BACKGROUND: Coronavirus disease 2019 (COVID-19) is still ongoing spreading globally, machine learning techniques were used in disease diagnosis and to predict treatment outcomes, which showed favorable performance. The present study aims to predict COVID-19 severity at admission by different machine learning techniques including random forest (RF), support vector machine (SVM), and logistic regression (LR). Feature importance to COVID-19 severity were further identified. METHODS: A retrospective design was adopted in the JinYinTan Hospital from January 26 to March 28, 2020, eighty-six demographic, clinical, and laboratory features were selected with LassoCV method, Spearman's rank correlation, experts' opinions, and literature evaluation. RF, SVM, and LR were performed to predict severe COVID-19, the performance of the models was compared by the area under curve (AUC). Additionally, feature importance to COVID-19 severity were analyzed by the best performance model. RESULTS: A total of 287 patients were enrolled with 36.6% severe cases and 63.4% non-severe cases. The median age was 60.0 years (interquartile range: 49.0-68.0 years). Three models were established using 23 features including 1 clinical, 1 chest computed tomography (CT) and 21 laboratory features. Among three models, RF yielded better overall performance with the highest AUC of 0.970 than SVM of 0.948 and LR of 0.928, RF also achieved a favorable sensitivity of 96.7%, specificity of 69.5%, and accuracy of 84.5%. SVM had sensitivity of 93.9%, specificity of 79.0%, and accuracy of 88.5%. LR also achieved a favorable sensitivity of 92.3%, specificity of 72.3%, and accuracy of 85.2%. Additionally, chest-CT had highest importance to illness severity, and the following features were neutrophil to lymphocyte ratio, lactate dehydrogenase, and D-dimer, respectively. CONCLUSIONS: Our results indicated that RF could be a useful predictive tool to identify patients with severe COVID-19, which may facilitate effective care and further optimize resources.",ct,classification,0,0,0
Quantifying the incremental value of deep learning: Application to lung nodule detection,"We present a case study for implementing a machine learning algorithm with an incremental value framework in the domain of lung cancer research. Machine learning methods have often been shown to be competitive with prediction models in some domains; however, implementation of these methods is in early development. Often these methods are only directly compared to existing methods; here we present a framework for assessing the value of a machine learning model by assessing the incremental value. We developed a machine learning model to identify and classify lung nodules and assessed the incremental value added to existing risk prediction models. Multiple external datasets were used for validation. We found that our image model, trained on a dataset from The Cancer Imaging Archive (TCIA), improves upon existing models that are restricted to patient characteristics, but it was inconclusive about whether it improves on models that consider nodule features. Another interesting finding is the variable performance on different datasets, suggesting population generalization with machine learning models may be more challenging than is often considered.",ct,detection,1,0,0
Automatic deep learning-based pleural effusion classification in lung ultrasound images for respiratory pathology diagnosis,"Lung ultrasound (LUS) imaging as a point-of-care diagnostic tool for lung pathologies has been proven superior to X-ray and comparable to CT, enabling earlier and more accurate diagnosis in real-time at the patient's bedside. The main limitation to widespread use is its dependence on the operator training and experience. COVID-19 lung ultrasound findings predominantly reflect a pneumonitis pattern, with pleural effusion being infrequent. However, pleural effusion is easy to detect and to quantify, therefore it was selected as the subject of this study, which aims to develop an automated system for the interpretation of LUS of pleural effusion. A LUS dataset was collected at the Royal Melbourne Hospital which consisted of 623 videos containing 99,209 2D ultrasound images of 70 patients using a phased array transducer. A standardized protocol was followed that involved scanning six anatomical regions providing complete coverage of the lungs for diagnosis of respiratory pathology. This protocol combined with a deep learning algorithm using a Spatial Transformer Network provides a basis for automatic pathology classification on an image-based level. In this work, the deep learning model was trained using supervised and weakly supervised approaches which used frame- and video-based ground truth labels respectively. The reference was expert clinician image interpretation. Both approaches show comparable accuracy scores on the test set of 92.4% and 91.1%, respectively, not statistically significantly different. However, the video-based labelling approach requires significantly less effort from clinical experts for ground truth labelling.",us,classification,1,0,0
Integrated Clinical and CT Based Artificial Intelligence Nomogram for Predicting Severity and Need for Ventilator Support in COVID-19 Patients: A Multi-Site Study,"Almost 25% of COVID-19 patients end up in ICU needing critical mechanical ventilation support. There is currently no validated objective way to predict which patients will end up needing ventilator support, when the disease is mild and not progressed. N = 869 patients from two sites (D(1): N = 822, D(2): N = 47) with baseline clinical characteristics and chest CT scans were considered for this study. The entire dataset was randomly divided into 70% training, D(1)(train) (N = 606) and 30% test-set (D(test): D(1)(test) (N = 216) + D(2) (N = 47)). An expert radiologist delineated ground-glass-opacities (GGOs) and consolidation regions on a subset of D(1)(train), (D(1)(train_sub), N = 88). These regions were automatically segmented and used along with their corresponding CT volumes to train an imaging AI predictor (AIP) on D(1)(train) to predict the need of mechanical ventilators for COVID-19 patients. Finally, top five prognostic clinical factors selected using univariate analysis were integrated with AIP to construct an integrated clinical and AI imaging nomogram (ClAIN). Univariate analysis identified lactate dehydrogenase, prothrombin time, aspartate aminotransferase, %lymphocytes, albumin as top five prognostic clinical features. AIP yielded an AUC of 0.81 on D(test) and was independently prognostic irrespective of other clinical parameters on multivariable analysis (p<0.001). ClAIN improved the performance over AIP yielding an AUC of 0.84 (p = 0.04) on D(test). ClAIN outperformed AIP in predicting which COVID-19 patients ended up needing a ventilator. Our results across multiple sites suggest that ClAIN could help identify COVID-19 with severe disease more precisely and likely to end up on a life-saving mechanical ventilation.",ct,classification,1,0,1
Radiomics analysis of pulmonary nodules in low-dose CT for early detection of lung cancer,"PURPOSE: To develop a radiomics prediction model to improve pulmonary nodule (PN) classification in low-dose CT. To compare the model with the American College of Radiology (ACR) Lung CT Screening Reporting and Data System (Lung-RADS) for early detection of lung cancer. METHODS: We examined a set of 72 PNs (31 benign and 41 malignant) from the Lung Image Database Consortium image collection (LIDC-IDRI). One hundred three CT radiomic features were extracted from each PN. Before the model building process, distinctive features were identified using a hierarchical clustering method. We then constructed a prediction model by using a support vector machine (SVM) classifier coupled with a least absolute shrinkage and selection operator (LASSO). A tenfold cross-validation (CV) was repeated ten times (10 × 10-fold CV) to evaluate the accuracy of the SVM-LASSO model. Finally, the best model from the 10 × 10-fold CV was further evaluated using 20 × 5- and 50 × 2-fold CVs. RESULTS: The best SVM-LASSO model consisted of only two features: the bounding box anterior-posterior dimension (BB_AP) and the standard deviation of inverse difference moment (SD_IDM). The BB_AP measured the extension of a PN in the anterior-posterior direction and was highly correlated (r = 0.94) with the PN size. The SD_IDM was a texture feature that measured the directional variation of the local homogeneity feature IDM. Univariate analysis showed that both features were statistically significant and discriminative (P = 0.00013 and 0.000038, respectively). PNs with larger BB_AP or smaller SD_IDM were more likely malignant. The 10 × 10-fold CV of the best SVM model using the two features achieved an accuracy of 84.6% and 0.89 AUC. By comparison, Lung-RADS achieved an accuracy of 72.2% and 0.77 AUC using four features (size, type, calcification, and spiculation). The prediction improvement of SVM-LASSO comparing to Lung-RADS was statistically significant (McNemar's test P = 0.026). Lung-RADS misclassified 19 cases because it was mainly based on PN size, whereas the SVM-LASSO model correctly classified 10 of these cases by combining a size (BB_AP) feature and a texture (SD_IDM) feature. The performance of the SVM-LASSO model was stable when leaving more patients out with five- and twofold CVs (accuracy 84.1% and 81.6%, respectively). CONCLUSION: We developed an SVM-LASSO model to predict malignancy of PNs with two CT radiomic features. We demonstrated that the model achieved an accuracy of 84.6%, which was 12.4% higher than Lung-RADS.",ct,classification,0,0,0
Co-occurrence of Local Anisotropic Gradient Orientations (CoLlAGe): A new radiomics descriptor,"In this paper, we introduce a new radiomic descriptor, Co-occurrence of Local Anisotropic Gradient Orientations (CoLlAGe) for capturing subtle differences between benign and pathologic phenotypes which may be visually indistinguishable on routine anatomic imaging. CoLlAGe seeks to capture and exploit local anisotropic differences in voxel-level gradient orientations to distinguish similar appearing phenotypes. CoLlAGe involves assigning every image voxel an entropy value associated with the co-occurrence matrix of gradient orientations computed around every voxel. The hypothesis behind CoLlAGe is that benign and pathologic phenotypes even though they may appear similar on anatomic imaging, will differ in their local entropy patterns, in turn reflecting subtle local differences in tissue microarchitecture. We demonstrate CoLlAGe's utility in three clinically challenging classification problems: distinguishing (1) radiation necrosis, a benign yet confounding effect of radiation treatment, from recurrent tumors on T1-w MRI in 42 brain tumor patients, (2) different molecular sub-types of breast cancer on DCE-MRI in 65 studies and (3) non-small cell lung cancer (adenocarcinomas) from benign fungal infection (granulomas) on 120 non-contrast CT studies. For each of these classification problems, CoLlAGE in conjunction with a random forest classifier outperformed state of the art radiomic descriptors (Haralick, Gabor, Histogram of Gradient Orientations).",ct,classification,0,0,0
Severity of Chest Imaging is Correlated with Risk of Acute Neuroimaging Findings among Patients with COVID-19,"BACKGROUND AND PURPOSE: Severe respiratory distress in patients with COVID-19 has been associated with higher rate of neurologic manifestations. Our aim was to investigate whether the severity of chest imaging findings among patients with coronavirus disease 2019 (COVID-19) correlates with the risk of acute neuroimaging findings. MATERIALS AND METHODS: This retrospective study included all patients with COVID-19 who received care at our hospital between March 3, 2020, and May 6, 2020, and underwent chest imaging within 10 days of neuroimaging. Chest radiographs were assessed using a previously validated automated neural network algorithm for COVID-19 (Pulmonary X-ray Severity score). Chest CTs were graded using a Chest CT Severity scoring system based on involvement of each lobe. Associations between chest imaging severity scores and acute neuroimaging findings were assessed using multivariable logistic regression. RESULTS: Twenty-four of 93 patients (26%) included in the study had positive acute neuroimaging findings, including intracranial hemorrhage (n = 7), infarction (n = 7), leukoencephalopathy (n = 6), or a combination of findings (n = 4). The average length of hospitalization, prevalence of intensive care unit admission, and proportion of patients requiring intubation were significantly greater in patients with acute neuroimaging findings than in patients without them (P < .05 for all). Compared with patients without acute neuroimaging findings, patients with acute neuroimaging findings had significantly higher mean Pulmonary X-ray Severity scores (5.0 [SD, 2.9] versus 9.2 [SD, 3.4], P < .001) and mean Chest CT Severity scores (9.0 [SD, 5.1] versus 12.1 [SD, 5.0], P = .041). The pulmonary x-ray severity score was a significant predictor of acute neuroimaging findings in patients with COVID-19. CONCLUSIONS: Patients with COVID-19 and acute neuroimaging findings had more severe findings on chest imaging on both radiographs and CT compared with patients with COVID-19 without acute neuroimaging findings. The severity of findings on chest radiography was a strong predictor of acute neuroimaging findings in patients with COVID-19.",ct,classification,1,0,1
Combination of radiological and gray level co-occurrence matrix textural features used to distinguish solitary pulmonary nodules by computed tomography,"The objective of this study was to investigate the method of the combination of radiological and textural features for the differentiation of malignant from benign solitary pulmonary nodules by computed tomography. Features including 13 gray level co-occurrence matrix textural features and 12 radiological features were extracted from 2,117 CT slices, which came from 202 (116 malignant and 86 benign) patients. Lasso-type regularization to a nonlinear regression model was applied to select predictive features and a BP artificial neural network was used to build the diagnostic model. Eight radiological and two textural features were obtained after the Lasso-type regularization procedure. Twelve radiological features alone could reach an area under the ROC curve (AUC) of 0.84 in differentiating between malignant and benign lesions. The 10 selected characters improved the AUC to 0.91. The evaluation results showed that the method of selecting radiological and textural features appears to yield more effective in the distinction of malignant from benign solitary pulmonary nodules by computed tomography.",ct,classification,0,0,0
A cross-modal 3D deep learning for accurate lymph node metastasis prediction in clinical stage T1 lung adenocarcinoma,"OBJECTIVES: The evaluation of lymph node (LN) status by radiologists based on preoperative computed tomography (CT) lacks high precision for early lung cancer patients; erroneous evaluations result in inappropriate therapeutic plans and increase the risk of complications. This study aims to develop a cross-modal 3D neural network based on CT images and prior clinical knowledge for accurate prediction of LN metastasis in clinical stage T1 lung adenocarcinoma. PATIENTS AND METHODS: Five hundred one lung adenocarcinoma patients with clinical stage T1 were enrolled. Data including: corresponding 3D nodule-centered patches of CT; prior clinical features; and pathological labels of LN status were obtained. We proposed a cross-modal deep learning system, which can successfully incorporate prior clinical knowledge and CT images into a 3D neural network to predict LN metastasis. We trained and validated our system with 401 cases and tested its performance with 100 cases. The result was compared with that of the logistic regression integration model, the single deep learning model without prior clinical knowledge integration, radiomics method, and manual evaluation by radiologists. RESULTS: The model proposed DensePriNet achieved an AUC of 0.926, which is significantly higher than the logistic regression integration model (0.904) single deep learning model (0.880), and radiomics method (0.891). The Matthews Correlation Coefficient (MCC) of DensePriNet (0.705) was significantly higher than manual classification by one senior radiologist (0.534) and one junior radiologist (0.416), respectively. CONCLUSION: The performance of the single deep learning method is significantly higher than the radiomics method and the radiologists, and integration of prior clinical knowledge into the deep learning model enhance the diagnostic precision of LN status and facilitate the application of precision medicine.",ct,classification,1,0,1
An [18F]FDG-PET/CT deep learning method for fully automated detection of pathological mediastinal lymph nodes in lung cancer patients,"PURPOSE: The identification of pathological mediastinal lymph nodes is an important step in the staging of lung cancer, with the presence of metastases significantly affecting survival rates. Nodes are currently identified by a physician, but this process is time-consuming and prone to errors. In this paper, we investigate the use of artificial intelligence-based methods to increase the accuracy and consistency of this process. METHODS: Whole-body (18)F-labelled fluoro-2-deoxyglucose ([18F]FDG) positron emission tomography/computed tomography ([18F]FDG-PET/CT) scans (Philips Gemini TF) from 134 patients were retrospectively analysed. The thorax was automatically located, and then slices were fed into a U-Net to identify candidate regions. These regions were split into overlapping 3D cubes, which were individually predicted as positive or negative using a 3D CNN. From these predictions, pathological mediastinal nodes could be identified. A second cohort of 71 patients was then acquired from a different, newer scanner (GE Discovery MI), and the performance of the model on this dataset was tested with and without transfer learning. RESULTS: On the test set from the first scanner, our model achieved a sensitivity of 0.87 (95% confidence intervals [0.74, 0.94]) with 0.41 [0.22, 0.71] false positives/patient. This was comparable to the performance of an expert. Without transfer learning, on the test set from the second scanner, the corresponding results were 0.53 [0.35, 0.70] and 0.24 [0.10, 0.49], respectively. With transfer learning, these metrics were 0.88 [0.73, 0.97] and 0.69 [0.43, 1.04], respectively. CONCLUSION: Model performance was comparable to that of an expert on data from the same scanner. With transfer learning, the model can be applied to data from a different scanner. To our knowledge it is the first study of its kind to go directly from whole-body [18F]FDG-PET/CT scans to pathological mediastinal lymph node localisation.",pet,classification,1,0,0
Automatic segmentation of lung nodules with growing neural gas and support vector machine,"Lung cancer is distinguished by presenting one of the highest incidences and one of the highest rates of mortality among all other types of cancer. Unfortunately, this disease is often diagnosed late, affecting the treatment outcome. In order to help specialists in the search and identification of lung nodules in tomographic images, many research centers have developed computer-aided detection systems (CAD systems) to automate procedures. This work seeks to develop a methodology for automatic detection of lung nodules. The proposed method consists of the acquisition of computerized tomography images of the lung, the reduction of the volume of interest through techniques for the extraction of the thorax, extraction of the lung, and reconstruction of the original shape of the parenchyma. After that, growing neural gas (GNG) is applied to constrain even more the structures that are denser than the pulmonary parenchyma (nodules, blood vessels, bronchi, etc.). The next stage is the separation of the structures resembling lung nodules from other structures, such as vessels and bronchi. Finally, the structures are classified as either nodule or non-nodule, through shape and texture measurements together with support vector machine. The methodology ensures that nodules of reasonable size be found with 86% sensitivity and 91% specificity. This results in a mean accuracy of 91% for 10 experiments of training and testing in a sample of 48 nodules occurring in 29 exams. The rate of false positives per exam was of 0.138, for the 29 exams analyzed.",ct,segmentation,0,0,0
COVID-19 Screening in Chest X-Ray Images Using Lung Region Priors,"Early screening of COVID-19 is essential for pandemic control, and thus to relieve stress on the health care system. Lung segmentation from chest X-ray (CXR) is a promising method for early diagnoses of pulmonary diseases. Recently, deep learning has achieved great success in supervised lung segmentation. However, how to effectively utilize the lung region in screening COVID-19 still remains a challenge due to domain shift and lack of manual pixel-level annotations. We hereby propose a multi-appearance COVID-19 screening framework by using lung region priors derived from CXR images. Firstly, we propose a multi-scale adversarial domain adaptation network (MS-AdaNet) to boost the cross-domain lung segmentation task as the prior knowledge to the classification network. Then, we construct a multi-appearance network (MA-Net), which is composed of three sub-networks to realize multi-appearance feature extraction and fusion using lung region priors. At last, we can obtain prediction results from normal, viral pneumonia, and COVID-19 using the proposed MA-Net. We extend the proposed MS-AdaNet for lung segmentation task on three different public CXR datasets. The results suggest that the MS-AdaNet outperforms contrastive methods in cross-domain lung segmentation. Moreover, experiments reveal that the proposed MA-Net achieves accuracy of 98.83 % and F1-score of 98.71 % on COVID-19 screening. The results indicate that the proposed MA-Net can obtain significant performance on COVID-19 screening.",xr,"segmentation, classification",1,0,0
Single-view 2D CNNs with fully automatic non-nodule categorization for false positive reduction in pulmonary nodule detection,"BACKGROUND AND OBJECTIVE: In pulmonary nodule detection, the first stage, candidate detection, aims to detect suspicious pulmonary nodules. However, detected candidates include many false positives and thus in the following stage, false positive reduction, such false positives are reliably reduced. Note that this task is challenging due to 1) the imbalance between the numbers of nodules and non-nodules and 2) the intra-class diversity of non-nodules. Although techniques using 3D convolutional neural networks (CNNs) have shown promising performance, they suffer from high computational complexity which hinders constructing deep networks. To efficiently address these problems, we propose a novel framework using the ensemble of 2D CNNs using single views, which outperforms existing 3D CNN-based methods. METHODS: Our ensemble of 2D CNNs utilizes single-view 2D patches to improve both computational and memory efficiency compared to previous techniques exploiting 3D CNNs. We first categorize non-nodules on the basis of features encoded by an autoencoder. Then, all 2D CNNs are trained by using the same nodule samples, but with different types of non-nodules. By extending the learning capability, this training scheme resolves difficulties of extracting representative features from non-nodules with large appearance variations. Note that, instead of manual categorization requiring the heavy workload of radiologists, we propose to automatically categorize non-nodules based on the autoencoder and k-means clustering. RESULTS: We performed extensive experiments to validate the effectiveness of our framework based on the database of the lung nodule analysis 2016 challenge. The superiority of our framework is demonstrated through comparing the performance of five frameworks trained with differently constructed training sets. Our proposed framework achieved state-of-the-art performance (0.922 of the competition performance metric score) with low computational demands (789K of parameters and 1024M of floating point operations per second). CONCLUSION: We presented a novel false positive reduction framework, the ensemble of single-view 2D CNNs with fully automatic non-nodule categorization, for pulmonary nodule detection. Unlike previous 3D CNN-based frameworks, we utilized 2D CNNs using 2D single views to improve computational efficiency. Also, our training scheme using categorized non-nodules, extends the learning capability of representative features of different non-nodules. Our framework achieved state-of-the-art performance with low computational complexity.",ct,detection,1,0,0
Severity and Consolidation Quantification of COVID-19 From CT Images Using Deep Learning Based on Hybrid Weak Labels,"Early and accurate diagnosis of Coronavirus disease (COVID-19) is essential for patient isolation and contact tracing so that the spread of infection can be limited. Computed tomography (CT) can provide important information in COVID-19, especially for patients with moderate to severe disease as well as those with worsening cardiopulmonary status. As an automatic tool, deep learning methods can be utilized to perform semantic segmentation of affected lung regions, which is important to establish disease severity and prognosis prediction. Both the extent and type of pulmonary opacities help assess disease severity. However, manually pixel-level multi-class labelling is time-consuming, subjective, and non-quantitative. In this article, we proposed a hybrid weak label-based deep learning method that utilize both the manually annotated pulmonary opacities from COVID-19 pneumonia and the patient-level disease-type information available from the clinical report. A UNet was firstly trained with semantic labels to segment the total infected region. It was used to initialize another UNet, which was trained to segment the consolidations with patient-level information using the Expectation-Maximization (EM) algorithm. To demonstrate the performance of the proposed method, multi-institutional CT datasets from Iran, Italy, South Korea, and the United States were utilized. Results show that our proposed method can predict the infected regions as well as the consolidation regions with good correlation to human annotation.",ct,segmentation,1,0,0
A homological approach to a mathematical definition of pulmonary fibrosis and emphysema on computed tomography,"Three-dimensional imaging is essential to evaluate local abnormalities and understand structure-function relationships in an organ. However, quantifiable and interpretable methods to localize abnormalities remain unestablished. Visual assessments are prone to bias, machine learning methods depend on training images, and the underlying decision principle is usually difficult to interpret. Here, we developed a homological approach to mathematically define emphysema and fibrosis in the lungs on computed tomography (CT). With the use of persistent homology, the density of homological features, including connected components, tunnels, and voids, was extracted from the volumetric CT scans of lung diseases. A pair of CT values at which each homological feature appeared (birth) and disappeared (death) was computed by sweeping the threshold levels from higher to lower CT values. Consequently, fibrosis and emphysema were defined as voxels with dense voids having a longer lifetime (birth-death difference) and voxels with dense connected components having a lower birth, respectively. In an independent dataset including subjects with idiopathic pulmonary fibrosis (IPF), chronic obstructive pulmonary disease (COPD), and combined pulmonary fibrosis and emphysema (CPFE), the proposed definition enabled accurate segmentation with comparable quality to deep learning in terms of Dice coefficients. Persistent homology-defined fibrosis was closely associated with physiological abnormalities such as impaired diffusion capacity and long-term mortality in subjects with IPF and CPFE, and persistent homology-defined emphysema was associated with impaired diffusion capacity in subjects with COPD. The present persistent homology-based evaluation of structural abnormalities could help explore the clinical and physiological impacts of structural changes and morphological mechanisms of disease progression.NEW & NOTEWORTHY This study proposes a homological approach to mathematically define a three-dimensional texture feature of emphysema and fibrosis on chest computed tomography using persistent homology. The proposed definition enabled accurate segmentation with comparable quality to deep learning while offering higher interpretability than deep learning-based methods.",ct,"segmentation, classification",1,0,1
Automatic COVID-19 Detection Using Exemplar Hybrid Deep Features with X-ray Images,"COVID-19 and pneumonia detection using medical images is a topic of immense interest in medical and healthcare research. Various advanced medical imaging and machine learning techniques have been presented to detect these respiratory disorders accurately. In this work, we have proposed a novel COVID-19 detection system using an exemplar and hybrid fused deep feature generator with X-ray images. The proposed Exemplar COVID-19FclNet9 comprises three basic steps: exemplar deep feature generation, iterative feature selection and classification. The novelty of this work is the feature extraction using three pre-trained convolutional neural networks (CNNs) in the presented feature extraction phase. The common aspects of these pre-trained CNNs are that they have three fully connected layers, and these networks are AlexNet, VGG16 and VGG19. The fully connected layer of these networks is used to generate deep features using an exemplar structure, and a nine-feature generation method is obtained. The loss values of these feature extractors are computed, and the best three extractors are selected. The features of the top three fully connected features are merged. An iterative selector is used to select the most informative features. The chosen features are classified using a support vector machine (SVM) classifier. The proposed COVID-19FclNet9 applied nine deep feature extraction methods by using three deep networks together. The most appropriate deep feature generation model selection and iterative feature selection have been employed to utilise their advantages together. By using these techniques, the image classification ability of the used three deep networks has been improved. The presented model is developed using four X-ray image corpora (DB1, DB2, DB3 and DB4) with two, three and four classes. The proposed Exemplar COVID-19FclNet9 achieved a classification accuracy of 97.60%, 89.96%, 98.84% and 99.64% using the SVM classifier with 10-fold cross-validation for four datasets, respectively. Our developed Exemplar COVID-19FclNet9 model has achieved high classification accuracy for all four databases and may be deployed for clinical application.",xr,classification,1,0,0
Using artificial intelligence to improve the diagnostic efficiency of pulmonologists in differentiating COVID-19 pneumonia from community-acquired pneumonia,"Coronavirus disease 2019 (COVID-19) has quickly turned into a global health problem. Computed tomography (CT) findings of COVID-19 pneumonia and community-acquired pneumonia (CAP) may be similar. Artificial intelligence (AI) is a popular topic among medical imaging techniques and has caused significant developments in diagnostic techniques. This retrospective study aims to analyze the contribution of AI to the diagnostic performance of pulmonologists in distinguishing COVID-19 pneumonia from CAP using CT scans. A deep learning-based AI model was created to be utilized in the detection of COVID-19, which extracted visual data from volumetric CT scans. The final data set covered a total of 2496 scans (887 patients), which included 1428 (57.2%) from the COVID-19 group and 1068 (42.8%) from the CAP group. CT slices were classified into training, validation, and test datasets in an 8:1:1. The independent test data set was analyzed by comparing the performance of four pulmonologists in differentiating COVID-19 pneumonia both with and without the help of the AI. The accuracy, sensitivity, and specificity values of the proposed AI model for determining COVID-19 in the independent test data set were 93.2%, 85.8%, and 99.3%, respectively, with the area under the receiver operating characteristic curve of 0.984. With the assistance of the AI, the pulmonologists accomplished a higher mean accuracy (88.9% vs. 79.9%, p < 0.001), sensitivity (79.1% vs. 70%, p < 0.001), and specificity (96.5% vs. 87.5%, p < 0.001). AI support significantly increases the diagnostic efficiency of pulmonologists in the diagnosis of COVID-19 via CT. Studies in the future should focus on real-time applications of AI to fight the COVID-19 infection.",ct,classification,1,0,1
A semi-automatic approach for epicardial adipose tissue segmentation and quantification on cardiac CT scans,"Many studies have shown that epicardial fat is associated with a higher risk of heart diseases. Accurate epicardial adipose tissue quantification is still an open research issue. Considering that manual approaches are generally user-dependent and time-consuming, computer-assisted tools can considerably improve the result repeatability as well as reduce the time required for performing an accurate segmentation. Unfortunately, fully automatic strategies might not always identify the Region of Interest (ROI) correctly. Moreover, they could require user interaction for handling unexpected events. This paper proposes a semi-automatic method for Epicardial Fat Volume (EFV) segmentation and quantification. Unlike supervised Machine Learning approaches, the method does not require any initial training or modeling phase to set up the system. As a further key novelty, the method also yields a subdivision into quartiles of the adipose tissue density. Quartile-based analysis conveys information about fat densities distribution, enabling an in-depth study towards a possible correlation between fat amounts, fat distribution, and heart diseases. Experimental tests were performed on 50 Calcium Score (CaSc) series and 95 Coronary Computed Tomography Angiography (CorCTA) series. Area-based and distance-based metrics were used to evaluate the segmentation accuracy, by obtaining Dice Similarity Coefficient (DSC) = 93.74% and Mean Absolute Distance (MAD) = 2.18 for CaSc, as well as DSC = 92.48% and MAD = 2.87 for CorCTA. Moreover, the Pearson and Spearman coefficients were computed for quantifying the correlation between the ground-truth EFV and the corresponding automated measurement, by obtaining 0.9591 and 0.9490 for CaSc, and 0.9513 and 0.9319 for CorCTA, respectively. In conclusion, the proposed EFV quantification and analysis method represents a clinically useable tool assisting the cardiologist to gain insights into a specific clinical scenario and leading towards personalized diagnosis and therapy.",ct,segmentation,1,1,0
Use of a Dual Artificial Intelligence Platform to Detect Unreported Lung Nodules,"OBJECTIVE: To investigate the performance of Dual-AI Deep Learning Platform in detecting unreported pulmonary nodules that are 6 mm or greater, comprising computer-vision (CV) algorithm to detect pulmonary nodules, with positive results filtered by natural language processing (NLP) analysis of the dictated report. METHODS: Retrospective analysis of 5047 chest CT scans and corresponding reports. Cases which were both CV algorithm positive (nodule ≥ 6 mm) and NLP negative (nodule not reported), were outputted for review by 2 chest radiologists. RESULTS: The CV algorithm detected nodules that are 6 mm or greater in 1830 (36.3%) of 5047 cases. Three hundred fifty-five (19.4%) were unreported by the radiologist, as per NLP algorithm. Expert review determined that 139 (39.2%) of 355 cases were true positives (2.8% of all cases). One hundred thirty (36.7%) of 355 cases were unnecessary alerts-vague language in the report confounded the NLP algorithm. Eighty-six (24.2%) of 355 cases were false positives. CONCLUSIONS: Dual-AI platform detected actionable unreported nodules in 2.8% of chest CT scans, yet minimized intrusion to radiologist's workflow by avoiding alerts for most already-reported nodules.",ct,classification,1,0,1
New machine learning method for image-based diagnosis of COVID-19,"COVID-19 is a worldwide epidemic, as announced by the World Health Organization (WHO) in March 2020. Machine learning (ML) methods can play vital roles in identifying COVID-19 patients by visually analyzing their chest x-ray images. In this paper, a new ML-method proposed to classify the chest x-ray images into two classes, COVID-19 patient or non-COVID-19 person. The features extracted from the chest x-ray images using new Fractional Multichannel Exponent Moments (FrMEMs). A parallel multi-core computational framework utilized to accelerate the computational process. Then, a modified Manta-Ray Foraging Optimization based on differential evolution used to select the most significant features. The proposed method evaluated using two COVID-19 x-ray datasets. The proposed method achieved accuracy rates of 96.09% and 98.09% for the first and second datasets, respectively.",xr,classification,0,0,0
Mini-COVIDNet: Efficient Lightweight Deep Neural Network for Ultrasound Based Point-of-Care Detection of COVID-19,"Lung ultrasound (US) imaging has the potential to be an effective point-of-care test for detection of COVID-19, due to its ease of operation with minimal personal protection equipment along with easy disinfection. The current state-of-the-art deep learning models for detection of COVID-19 are heavy models that may not be easy to deploy in commonly utilized mobile platforms in point-of-care testing. In this work, we develop a lightweight mobile friendly efficient deep learning model for detection of COVID-19 using lung US images. Three different classes including COVID-19, pneumonia, and healthy were included in this task. The developed network, named as Mini-COVIDNet, was bench-marked with other lightweight neural network models along with state-of-the-art heavy model. It was shown that the proposed network can achieve the highest accuracy of 83.2% and requires a training time of only 24 min. The proposed Mini-COVIDNet has 4.39 times less number of parameters in the network compared to its next best performing network and requires a memory of only 51.29 MB, making the point-of-care detection of COVID-19 using lung US imaging plausible on a mobile platform. Deployment of these lightweight networks on embedded platforms shows that the proposed Mini-COVIDNet is highly versatile and provides optimal performance in terms of being accurate as well as having latency in the same order as other lightweight networks. The developed lightweight models are available at https://github.com/navchetan-awasthi/Mini-COVIDNet.",us,classification,1,0,0
Deep-learning algorithms for the interpretation of chest radiographs to aid in the triage of COVID-19 patients: A multicenter retrospective study,"The recent medical applications of deep-learning (DL) algorithms have demonstrated their clinical efficacy in improving speed and accuracy of image interpretation. If the DL algorithm achieves a performance equivalent to that achieved by physicians in chest radiography (CR) diagnoses with Coronavirus disease 2019 (COVID-19) pneumonia, the automatic interpretation of the CR with DL algorithms can significantly reduce the burden on clinicians and radiologists in sudden surges of suspected COVID-19 patients. The aim of this study was to evaluate the efficacy of the DL algorithm for detecting COVID-19 pneumonia on CR compared with formal radiology reports. This is a retrospective study of adult patients that were diagnosed as positive COVID-19 cases based on the reverse transcription polymerase chain reaction among all the patients who were admitted to five emergency departments and one community treatment center in Korea from February 18, 2020 to May 1, 2020. The CR images were evaluated with a publicly available DL algorithm. For reference, CR images without chest computed tomography (CT) scans classified as positive for COVID-19 pneumonia were used given that the radiologist identified ground-glass opacity, consolidation, or other infiltration in retrospectively reviewed CR images. Patients with evidence of pneumonia on chest CT scans were also classified as COVID-19 pneumonia positive outcomes. The overall sensitivity and specificity of the DL algorithm for detecting COVID-19 pneumonia on CR were 95.6%, and 88.7%, respectively. The area under the curve value of the DL algorithm for the detection of COVID-19 with pneumonia was 0.921. The DL algorithm demonstrated a satisfactory diagnostic performance comparable with that of formal radiology reports in the CR-based diagnosis of pneumonia in COVID-19 patients. The DL algorithm may offer fast and reliable examinations that can facilitate patient screening and isolation decisions, which can reduce the medical staff workload during COVID-19 pandemic situations.",xr,classification,1,0,0
Classification of COVID-19 patients from chest CT images using multi-objective differential evolution-based convolutional neural networks,"Early classification of 2019 novel coronavirus disease (COVID-19) is essential for disease cure and control. Compared with reverse-transcription polymerase chain reaction (RT-PCR), chest computed tomography (CT) imaging may be a significantly more trustworthy, useful, and rapid technique to classify and evaluate COVID-19, specifically in the epidemic region. Almost all hospitals have CT imaging machines; therefore, the chest CT images can be utilized for early classification of COVID-19 patients. However, the chest CT-based COVID-19 classification involves a radiology expert and considerable time, which is valuable when COVID-19 infection is growing at rapid rate. Therefore, an automated analysis of chest CT images is desirable to save the medical professionals' precious time. In this paper, a convolutional neural networks (CNN) is used to classify the COVID-19-infected patients as infected (+ve) or not (-ve). Additionally, the initial parameters of CNN are tuned using multi-objective differential evolution (MODE). Extensive experiments are performed by considering the proposed and the competitive machine learning techniques on the chest CT images. Extensive analysis shows that the proposed model can classify the chest CT images at a good accuracy rate.",ct,classification,1,0,1
Test-retest reproducibility of a deep learning-based automatic detection algorithm for the chest radiograph,"OBJECTIVES: To perform test-retest reproducibility analyses for deep learning-based automatic detection algorithm (DLAD) using two stationary chest radiographs (CRs) with short-term intervals, to analyze influential factors on test-retest variations, and to investigate the robustness of DLAD to simulated post-processing and positional changes. METHODS: This retrospective study included patients with pulmonary nodules resected in 2017. Preoperative CRs without interval changes were used. Test-retest reproducibility was analyzed in terms of median differences of abnormality scores, intraclass correlation coefficients (ICC), and 95% limits of agreement (LoA). Factors associated with test-retest variation were investigated using univariable and multivariable analyses. Shifts in classification between the two CRs were analyzed using pre-determined cutoffs. Radiograph post-processing (blurring and sharpening) and positional changes (translations in x- and y-axes, rotation, and shearing) were simulated and agreement of abnormality scores between the original and simulated CRs was investigated. RESULTS: Our study analyzed 169 patients (median age, 65 years; 91 men). The median difference of abnormality scores was 1-2% and ICC ranged from 0.83 to 0.90. The 95% LoA was approximately ± 30%. Test-retest variation was negatively associated with solid portion size (β, - 0.50; p = 0.008) and good nodule conspicuity (β, - 0.94; p < 0.001). A small fraction (15/169) showed discordant classifications when the high-specificity cutoff (46%) was applied to the model outputs (p = 0.04). DLAD was robust to the simulated positional change (ICC, 0.984, 0.996), but relatively less robust to post-processing (ICC, 0.872, 0.968). CONCLUSIONS: DLAD was robust to the test-retest variation. However, inconspicuous nodules may cause fluctuations of the model output and subsequent misclassifications. KEY POINTS: • The deep learning-based automatic detection algorithm was robust to the test-retest variation of the chest radiographs in general. • The test-retest variation was negatively associated with solid portion size and good nodule conspicuity. • High-specificity cutoff (46%) resulted in discordant classifications of 8.9% (15/169; p = 0.04) between the test-retest radiographs.",ct,classification,1,0,1
Expert knowledge-infused deep learning for automatic lung nodule detection,"BACKGROUND: Computer aided detection (CADe) of pulmonary nodules from computed tomography (CT) is crucial for early diagnosis of lung cancer. Self-learned features obtained by training datasets via deep learning have facilitated CADe of the nodules. However, the complexity of CT lung images renders a challenge of extracting effective features by self-learning only. This condition is exacerbated for limited size of datasets. On the other hand, the engineered features have been widely studied. OBJECTIVE: We proposed a novel nodule CADe which aims to relieve the challenge by the use of available engineered features to prevent convolution neural networks (CNN) from overfitting under dataset limitation and reduce the running-time complexity of self-learning. METHODS: The CADe methodology infuses adequately the engineered features, particularly texture features, into the deep learning process. RESULTS: The methodology was validated on 208 patients with at least one juxta-pleural nodule from the public LIDC-IDRI database. Results demonstrated that the methodology achieves a sensitivity of 88% with 1.9 false positives per scan and a sensitivity of 94.01% with 4.01 false positives per scan. CONCLUSIONS: The methodology shows high performance compared with the state-of-the-art results, in terms of accuracy and efficiency, from both existing CNN-based approaches and engineered feature-based classifications.",xr,classification,1,0,0
Detection of pulmonary ground-glass opacity based on deep learning computer artificial intelligence,"BACKGROUND: A deep learning computer artificial intelligence system is helpful for early identification of ground glass opacities (GGOs). METHODS: Images from the Lung Image Database Consortium and Image Database Resource Initiative (LIDC-IDRI) database were used in AlexNet and GoogLeNet to detect pulmonary nodules, and 221 GGO images provided by Xinhua Hospital were used in ResNet50 for detecting GGOs. We used computed tomography image radial reorganization to create the input image of the three-dimensional features, and used the extracted features for deep learning, network training, testing, and analysis. RESULTS: In the final evaluation results, we found that the accuracy of identification of lung nodule could reach 88.0%, with an F-score of 0.891. In terms of performance and accuracy, our method was better than the existing solutions. The GGO nodule classification achieved the best F-score of 0.87805. We propose a preprocessing method of red, green, and blue (RGB) superposition in the region of interest to effectively increase the differentiation between nodules and normal tissues, and that is the innovation of our research. CONCLUSIONS: The method of deep learning proposed in this study is more sensitive than other systems in recent years, and the average false positive is lower than that of others.",ct,classification,1,0,1
Chest X-ray image phase features for improved diagnosis of COVID-19 using convolutional neural network,"PURPOSE: Recently, the outbreak of the novel coronavirus disease 2019 (COVID-19) pandemic has seriously endangered human health and life. In fighting against COVID-19, effective diagnosis of infected patient is critical for preventing the spread of diseases. Due to limited availability of test kits, the need for auxiliary diagnostic approach has increased. Recent research has shown radiography of COVID-19 patient, such as CT and X-ray, contains salient information about the COVID-19 virus and could be used as an alternative diagnosis method. Chest X-ray (CXR) due to its faster imaging time, wide availability, low cost, and portability gains much attention and becomes very promising. In order to reduce intra- and inter-observer variability, during radiological assessment, computer-aided diagnostic tools have been used in order to supplement medical decision making and subsequent management. Computational methods with high accuracy and robustness are required for rapid triaging of patients and aiding radiologist in the interpretation of the collected data. METHOD: In this study, we design a novel multi-feature convolutional neural network (CNN) architecture for multi-class improved classification of COVID-19 from CXR images. CXR images are enhanced using a local phase-based image enhancement method. The enhanced images, together with the original CXR data, are used as an input to our proposed CNN architecture. Using ablation studies, we show the effectiveness of the enhanced images in improving the diagnostic accuracy. We provide quantitative evaluation on two datasets and qualitative results for visual inspection. Quantitative evaluation is performed on data consisting of 8851 normal (healthy), 6045 pneumonia, and 3323 COVID-19 CXR scans. RESULTS: In Dataset-1, our model achieves 95.57% average accuracy for a three classes classification, 99% precision, recall, and F1-scores for COVID-19 cases. For Dataset-2, we have obtained 94.44% average accuracy, and 95% precision, recall, and F1-scores for detection of COVID-19. CONCLUSIONS: Our proposed multi-feature-guided CNN achieves improved results compared to single-feature CNN proving the importance of the local phase-based CXR image enhancement. Future work will involve further evaluation of the proposed method on a larger-size COVID-19 dataset as they become available.",xr,classification,1,0,0
DCT-MIL: Deep CNN transferred multiple instance learning for COPD identification using CT images,"While many pre-defined computed tomographic (CT) measures have been utilized to characterize chronic obstructive pulmonary disease (COPD), it is still challenging to represent pathological alternations of multiple dimensions and highly spatial heterogeneity. Deep CNN transferred multiple instance learning (DCT-MIL) is proposed to identify COPD via CT images. After the lung is divided into eight sections along the axial direction, one random axial CT image is taken out from each section as one instance. With one instance as the input, the activations of neural layers of AlexNet trained by natural images are extracted as features. After dimension reduction through principle component analysis, features of all instances are input into three MIL methods: Citation k-Nearest-Neighbor (Citation-KNN), multiple instance support vector machine, and expectation-maximization diverse density. Moreover, the performance dependence of the resulted models on the depth of the neural layer where activations are extracted and the number of features is investigated. The proposed DCT-MIL achieves an exceptional performance with an accuracy of 99.29% and area under curve of 0.9826 while using 100 principle components of features extracted from the fourth convolutional layer and Citation-KNN. It outperforms not only DCT-MIL models using other settings and the pre-trained AlexNet with fine-tuning by montages of eight lung CT images, but also other state-of-art methods. Deep CNN transferred multiple instance learning is suited for identification of COPD using CT images. It can help finding subgroups with high risk of COPD from large populations through CT scans ordered doing lung cancer screening.",ct,classification,1,0,1
"Machine learning applied on chest x-ray can aid in the diagnosis of COVID-19: a first experience from Lombardy, Italy","BACKGROUND: We aimed to train and test a deep learning classifier to support the diagnosis of coronavirus disease 2019 (COVID-19) using chest x-ray (CXR) on a cohort of subjects from two hospitals in Lombardy, Italy. METHODS: We used for training and validation an ensemble of ten convolutional neural networks (CNNs) with mainly bedside CXRs of 250 COVID-19 and 250 non-COVID-19 subjects from two hospitals (Centres 1 and 2). We then tested such system on bedside CXRs of an independent group of 110 patients (74 COVID-19, 36 non-COVID-19) from one of the two hospitals. A retrospective reading was performed by two radiologists in the absence of any clinical information, with the aim to differentiate COVID-19 from non-COVID-19 patients. Real-time polymerase chain reaction served as the reference standard. RESULTS: At 10-fold cross-validation, our deep learning model classified COVID-19 and non-COVID-19 patients with 0.78 sensitivity (95% confidence interval [CI] 0.74-0.81), 0.82 specificity (95% CI 0.78-0.85), and 0.89 area under the curve (AUC) (95% CI 0.86-0.91). For the independent dataset, deep learning showed 0.80 sensitivity (95% CI 0.72-0.86) (59/74), 0.81 specificity (29/36) (95% CI 0.73-0.87), and 0.81 AUC (95% CI 0.73-0.87). Radiologists' reading obtained 0.63 sensitivity (95% CI 0.52-0.74) and 0.78 specificity (95% CI 0.61-0.90) in Centre 1 and 0.64 sensitivity (95% CI 0.52-0.74) and 0.86 specificity (95% CI 0.71-0.95) in Centre 2. CONCLUSIONS: This preliminary experience based on ten CNNs trained on a limited training dataset shows an interesting potential of deep learning for COVID-19 diagnosis. Such tool is in training with new CXRs to further increase its performance.",xr,classification,1,0,0
COVID-19 detection from lung CT-Scans using a fuzzy integral-based CNN ensemble,"The COVID-19 pandemic has collapsed the public healthcare systems, along with severely damaging the economy of the world. The SARS-CoV-2 virus also known as the coronavirus, led to community spread, causing the death of more than a million people worldwide. The primary reason for the uncontrolled spread of the virus is the lack of provision for population-wise screening. The apparatus for RT-PCR based COVID-19 detection is scarce and the testing process takes 6-9 h. The test is also not satisfactorily sensitive (71% sensitive only). Hence, Computer-Aided Detection techniques based on deep learning methods can be used in such a scenario using other modalities like chest CT-scan images for more accurate and sensitive screening. In this paper, we propose a method that uses a Sugeno fuzzy integral ensemble of four pre-trained deep learning models, namely, VGG-11, GoogLeNet, SqueezeNet v1.1 and Wide ResNet-50-2, for classification of chest CT-scan images into COVID and Non-COVID categories. The proposed framework has been tested on a publicly available dataset for evaluation and it achieves 98.93% accuracy and 98.93% sensitivity on the same. The model outperforms state-of-the-art methods on the same dataset and proves to be a reliable COVID-19 detector. The relevant source codes for the proposed approach can be found at: https://github.com/Rohit-Kundu/Fuzzy-Integral-Covid-Detection.",ct,classification,1,0,1
CT-based deep learning model to differentiate invasive pulmonary adenocarcinomas appearing as subsolid nodules among surgical candidates: comparison of the diagnostic performance with a size-based logistic model and radiologists,"OBJECTIVES: To evaluate the deep learning models for differentiating invasive pulmonary adenocarcinomas (IACs) among subsolid nodules (SSNs) considered for resection in a retrospective diagnostic cohort in comparison with a size-based logistic model and expert radiologists. METHODS: This study included 525 patients (309 women; median, 62 years) to develop models, and an independent cohort of 101 patients (57 women; median, 66 years) was used for validation. A size-based logistic model and deep learning models using 2.5-dimension (2.5D) and three-dimension (3D) CT images were developed to discriminate IAC from less invasive pathologies. Overall performance, discrimination, and calibration were assessed. Diagnostic performances of the three thoracic radiologists were compared with those of the deep learning model. RESULTS: The overall performances of the deep learning models (Brier score, 0.122 for the 2.5D DenseNet and 0.121 for the 3D DenseNet) were superior to those of the size-based logistic model (Brier score, 0.198). The area under the receiver operating characteristic curve (AUC) of the 2.5D DenseNet (0.921) was significantly higher than that of the 3D DenseNet (0.835; p = 0.037) and the size-based logistic model (0.836; p = 0.009). At equally high sensitivities of 90%, the 2.5D DenseNet showed significantly higher specificity (88.2%; all p < 0.05) and positive predictive value (97.4%; all p < 0.05) than other models. Model calibration was poor for all models (all p < 0.05). The 2.5D DenseNet had a comparable performance with the radiologists (AUC, 0.848-0.910). CONCLUSION: The 2.5D DenseNet model could be used as a highly sensitive and specific diagnostic tool to differentiate IACs among SSNs for surgical candidates. KEY POINTS: • The deep learning model developed using 2.5D DenseNet showed higher overall performance and discrimination than the size-based logistic model for the differentiation of invasive adenocarcinomas among subsolid nodules for surgical candidates. • The 2.5D DenseNet demonstrated a thoracic radiologist-level diagnostic performance and had higher specificity (88.2%) at equal sensitivities (90%) than the size-based logistic model (specificity, 52.9%). • The 2.5D DenseNet could be used to reduce potential overtreatment for the indolent subsolid nodules or to select candidates for sublobar resection instead of the standard lobectomy.",ct,classification,1,0,1
Combining computed tomography and biologically effective dose in radiomics and deep learning improves prediction of tumor response to robotic lung stereotactic body radiation therapy,"PURPOSE: The aim of this study is to improve the performance of machine learning (ML) models in predicting response of non-small cell lung cancer (NSCLC) to stereotactic body radiation therapy (SBRT) by integrating image features from pre-treatment computed tomography (CT) with features from the biologically effective dose (BED) distribution. MATERIALS AND METHODS: Image features, consisting of crafted radiomic features or machine-learned features extracted using a convolutional neural network, were calculated from pre-treatment CT data and from dose distributions converted into BED for 80 NSCLC lesions over 76 patients treated with robotic guided SBRT. ML models using different combinations of features were trained to predict complete or partial response according to response criteria in solid tumors, including radiomics CT (Rad(CT) ), radiomics CT and BED (Rad(CT,BED) ), deep learning (DL) CT (DL(CT) ), and DL CT and BED (DL(CT,BED) ). Training of ML included feature selection by neighborhood component analysis followed by ensemble ML using robust boosting. A model was considered as acceptable when the sum of average sensitivity and specificity on test data in repeated cross validations was at least 1.5. RESULTS: Complete or partial response occurred in 58 out of 80 lesions. The best models to predict the tumor response were those using BED variables, achieving significantly better area under curve (AUC) and accuracy than those using only features from CT, including a Rad(CT,BED) model using three radiomic features from BED, which scored an accuracy of 0.799 (95% confidence intervals (0.75-0.85)) and AUC of 0.773 (0.688-0.846), and a DL(CT,BED) model also using three variables with an accuracy of 0.798 (0.649-0.829) and AUC of 0.812 (0.755-0.867). CONCLUSION: According to our results, the inclusion of BED features improves the response prediction of ML models for lung cancer patients undergoing SBRT, regardless of the use of radiomic or DL features.",ct,classification,1,0,1
Machine learning to distinguish lymphangioleiomyomatosis from other diffuse cystic lung diseases,"Patients with lymphangioleiomyomatosis (LAM) frequently experience delays in diagnosis, owing partly to the delayed characterization of imaging findings. This project aimed to develop a machine learning model to distinguish LAM from other diffuse cystic lung diseases (DCLDs). Computed tomography scans from patients with confirmed DCLDs were acquired from registry datasets and a recurrent convolutional neural network was trained for their classification. The final model provided sensitivity and specificity of 85% and 92%, respectively, for LAM, similar to the historical metrics of 88% and 97%, respectively, by experts. The proof-of-concept work holds promise as a clinically useful tool to assist in recognizing LAM.",ct,classification,1,0,1
Radiomic-Based Pathological Response Prediction from Primary Tumors and Lymph Nodes in NSCLC,"INTRODUCTION: Noninvasive biomarkers that capture the total tumor burden could provide important complementary information for precision medicine to aid clinical decision making. We investigated the value of radiomic data extracted from pretreatment computed tomography images of the primary tumor and lymph nodes in predicting pathological response after neoadjuvant chemoradiation before surgery. METHODS: A total of 85 patients with resectable locally advanced (stage II-III) NSCLC (median age 60.3 years, 65% female) treated from 2003 to 2013 were included in this institutional review board-approved study. Radiomics analysis was performed on 85 primary tumors and 178 lymph nodes to discriminate between pathological complete response (pCR) and gross residual disease (GRD). Twenty nonredundant and stable features (10 from each site) were evaluated by using the area under the curve (AUC) (all p values were corrected for multiple hypothesis testing). Classification performance of each feature set was evaluated by random forest and nested cross validation. RESULTS: Three radiomic features (describing primary tumor sphericity and lymph node homogeneity) were significantly predictive of pCR with similar performances (all AUC = 0.67, p < 0.05). Two features (quantifying lymph node homogeneity) were predictive of GRD (AUC range 0.72-0.75, p < 0.05) and performed significantly better than the primary features (AUC = 0.62). Multivariate analysis showed that for pCR, the radiomic features set alone had the best-performing classification (median AUC = 0.68). Furthermore, for GRD classification, the combination of radiomic and clinical data significantly outperformed all other feature sets (median AUC = 0.73). CONCLUSION: Lymph node phenotypic information was significantly predictive for pathological response and showed higher classification performance than radiomic features obtained from the primary tumor.",ct,classification,0,0,0
Weakly unsupervised conditional generative adversarial network for image-based prognostic prediction for COVID-19 patients based on chest CT,"Because of the rapid spread and wide range of the clinical manifestations of the coronavirus disease 2019 (COVID-19), fast and accurate estimation of the disease progression and mortality is vital for the management of the patients. Currently available image-based prognostic predictors for patients with COVID-19 are largely limited to semi-automated schemes with manually designed features and supervised learning, and the survival analysis is largely limited to logistic regression. We developed a weakly unsupervised conditional generative adversarial network, called pix2surv, which can be trained to estimate the time-to-event information for survival analysis directly from the chest computed tomography (CT) images of a patient. We show that the performance of pix2surv based on CT images significantly outperforms those of existing laboratory tests and image-based visual and quantitative predictors in estimating the disease progression and mortality of COVID-19 patients. Thus, pix2surv is a promising approach for performing image-based prognostic predictions.",ct,classification,1,0,1
An adaptive pulmonary nodule detection algorithm,"Recently, lung cancer has been paid more and more attention. People have reached a consensus that early detection and early treatment can improve the survival rate of patients. Among them, pulmonary nodules are the important reference for doctors to determine the lung health. With the continuous improvement of CT image resolution, more suspected pulmonary nodule information appears from the impact of chest CT. How to relatively and accurately locate the suspected nodule location from a large number of CT images has brought challenges to the doctor's daily diagnosis. To solve the problem that the original DBSCAN clustering algorithm needs manual setting of the threshold, this paper proposes a region growing algorithm and an adaptive DBSCAN clustering algorithm to improve the accuracy of pulmonary nodule detection. The image is roughly processed and ROI (Regions of Interest) region is roughly extracted by CLAHE transform. The region growing algorithm is used to roughly process the adjacent region's expansibility and the suspected region in ROI, and mark the center point in the region and the boundary point of its point set. The mean value of region range is taken as the threshold value of DBSCAN clustering algorithm. The center of the point domain is used as the starting point of clustering, and the rough set of points is used as the MinPts threshold. Finally, the clustering results are labeled in the initial CT image. Experiments show that the pulmonary nodule detection method proposed in this paper effectively improves the accuracy of the detection results.",ct,classification,0,0,0
An Embedded Multi-branch 3D Convolution Neural Network for False Positive Reduction in Lung Nodule Detection,"Numerous lung nodule candidates can be produced through an automated lung nodule detection system. Classifying these candidates to reduce false positives is an important step in the detection process. The objective during this paper is to predict real nodules from a large number of pulmonary nodule candidates. Facing the challenge of the classification task, we propose a novel 3D convolution neural network (CNN) to reduce false positives in lung nodule detection. The novel 3D CNN includes embedded multiple branches in its structure. Each branch processes a feature map from a layer with different depths. All of these branches are cascaded at their ends; thus, features from different depth layers are combined to predict the categories of candidates. The proposed method obtains a competitive score in lung nodule candidate classification on LUNA16 dataset with an accuracy of 0.9783, a sensitivity of 0.8771, a precision of 0.9426, and a specificity of 0.9925. Moreover, a good performance on the competition performance metric (CPM) is also obtained with a score of 0.830. As a 3D CNN, the proposed model can learn complete and three-dimensional discriminative information about nodules and non-nodules to avoid some misidentification problems caused due to lack of spatial correlation information extracted from traditional methods or 2D networks. As an embedded multi-branch structure, the model is also more effective in recognizing the nodules of various shapes and sizes. As a result, the proposed method gains a competitive score on the false positive reduction in lung nodule detection and can be used as a reference for classifying nodule candidates.",ct,segmentation,1,0,0
UMLF-COVID: an unsupervised meta-learning model specifically designed to identify X-ray images of COVID-19 patients,"BACKGROUND: With the rapid spread of COVID-19 worldwide, quick screening for possible COVID-19 patients has become the focus of international researchers. Recently, many deep learning-based Computed Tomography (CT) image/X-ray image fast screening models for potential COVID-19 patients have been proposed. However, the existing models still have two main problems. First, most of the existing supervised models are based on pre-trained model parameters. The pre-training model needs to be constructed on a dataset with features similar to those in COVID-19 X-ray images, which limits the construction and use of the model. Second, the number of categories based on the X-ray dataset of COVID-19 and other pneumonia patients is usually imbalanced. In addition, the quality is difficult to distinguish, leading to non-ideal results with the existing model in the multi-class classification COVID-19 recognition task. Moreover, no researchers have proposed a COVID-19 X-ray image learning model based on unsupervised meta-learning. METHODS: This paper first constructed an unsupervised meta-learning model for fast screening of COVID-19 patients (UMLF-COVID). This model does not require a pre-trained model, which solves the limitation problem of model construction, and the proposed unsupervised meta-learning framework solves the problem of sample imbalance and sample quality. RESULTS: The UMLF-COVID model is tested on two real datasets, each of which builds a three-category and four-category model. And the experimental results show that the accuracy of the UMLF-COVID model is 3-10% higher than that of the existing models. CONCLUSION: In summary, we believe that the UMLF-COVID model is a good complement to COVID-19 X-ray fast screening models.",xr,classification,1,0,0
Radiomic Analysis of CT Predicts Tumor Response in Human Lung Cancer with Radiotherapy,"PURPOSE: Radiomics features can be positioned to monitor changes throughout treatment. In this study, we evaluated machine learning for predicting tumor response by analyzing CT images of lung cancer patients treated with radiotherapy. EXPERIMENTAL DESIGN: For this retrospective study, screening or standard diagnostic CT images were collected for 100 patients (mean age, 67 years; range, 55-82 years; 64 men [mean age, 68 years; range, 55-82 years] and 36 women [mean age, 65 years; range, 60-72 years]) from two institutions between 2013 and 2017. Radiomics analysis was available for each patient. Features were pruned to train machine learning classifiers with 50 patients, then trained in the test dataset. RESULT: A support vector machine classifier with 2 radiomic features (flatness and coefficient of variation) achieved an area under the receiver operating characteristic curve (AUC) of 0.91 on the test set. CONCLUSION: The 2 radiomic features, flatness, and coefficient of variation, from the volume of interest of lung tumor, can be the biomarkers for predicting tumor response at CT.",ct,classification,0,0,0
Mining whole-lung information by artificial intelligence for predicting EGFR genotype and targeted therapy response in lung cancer: a multicohort study,"BACKGROUND: Epidermal growth factor receptor (EGFR) genotype is crucial for treatment decision making in lung cancer, but it can be affected by tumour heterogeneity and invasive biopsy during gene sequencing. Importantly, not all patients with an EGFR mutation have good prognosis with EGFR-tyrosine kinase inhibitors (TKIs), indicating the necessity of stratifying for EGFR-mutant genotype. In this study, we proposed a fully automated artificial intelligence system (FAIS) that mines whole-lung information from CT images to predict EGFR genotype and prognosis with EGFR-TKI treatment. METHODS: We included 18 232 patients with lung cancer with CT imaging and EGFR gene sequencing from nine cohorts in China and the USA, including a prospective cohort in an Asian population (n=891) and The Cancer Imaging Archive cohort in a White population. These cohorts were divided into thick CT group and thin CT group. The FAIS was built for predicting EGFR genotype and progression-free survival of patients receiving EGFR-TKIs, and it was evaluated by area under the curve (AUC) and Kaplan-Meier analysis. We further built two tumour-based deep learning models as comparison with the FAIS, and we explored the value of combining FAIS and clinical factors (the FAIS-C model). Additionally, we included 891 patients with 56-panel next-generation sequencing and 87 patients with RNA sequencing data to explore the biological mechanisms of FAIS. FINDINGS: FAIS achieved AUCs ranging from 0·748 to 0·813 in the six retrospective and prospective testing cohorts, outperforming the commonly used tumour-based deep learning model. Genotype predicted by the FAIS-C model was significantly associated with prognosis to EGFR-TKIs treatment (log-rank p<0·05), an important complement to gene sequencing. Moreover, we found 29 prognostic deep learning features in FAIS that were able to identify patients with an EGFR mutation at high risk of TKI resistance. These features showed strong associations with multiple genotypes (p<0·05, t test or Wilcoxon test) and gene pathways linked to drug resistance and cancer progression mechanisms. INTERPRETATION: FAIS provides a non-invasive method to detect EGFR genotype and identify patients with an EGFR mutation at high risk of TKI resistance. The superior performance of FAIS over tumour-based deep learning methods suggests that genotype and prognostic information could be obtained from the whole lung instead of only tumour tissues. FUNDING: National Natural Science Foundation of China.",ct,classification,1,0,1
SSA-Net: Spatial self-attention network for COVID-19 pneumonia infection segmentation with semi-supervised few-shot learning,"Coronavirus disease (COVID-19) broke out at the end of 2019, and has resulted in an ongoing global pandemic. Segmentation of pneumonia infections from chest computed tomography (CT) scans of COVID-19 patients is significant for accurate diagnosis and quantitative analysis. Deep learning-based methods can be developed for automatic segmentation and offer a great potential to strengthen timely quarantine and medical treatment. Unfortunately, due to the urgent nature of the COVID-19 pandemic, a systematic collection of CT data sets for deep neural network training is quite difficult, especially high-quality annotations of multi-category infections are limited. In addition, it is still a challenge to segment the infected areas from CT slices because of the irregular shapes and fuzzy boundaries. To solve these issues, we propose a novel COVID-19 pneumonia lesion segmentation network, called Spatial Self-Attention network (SSA-Net), to identify infected regions from chest CT images automatically. In our SSA-Net, a self-attention mechanism is utilized to expand the receptive field and enhance the representation learning by distilling useful contextual information from deeper layers without extra training time, and spatial convolution is introduced to strengthen the network and accelerate the training convergence. Furthermore, to alleviate the insufficiency of labeled multi-class data and the long-tailed distribution of training data, we present a semi-supervised few-shot iterative segmentation framework based on re-weighting the loss and selecting prediction values with high confidence, which can accurately classify different kinds of infections with a small number of labeled image data. Experimental results show that SSA-Net outperforms state-of-the-art medical image segmentation networks and provides clinically interpretable saliency maps, which are useful for COVID-19 diagnosis and patient triage. Meanwhile, our semi-supervised iterative segmentation model can improve the learning ability in small and unbalanced training set and can achieve higher performance.",ct,segmentation,1,0,0
Fusion of FDG-PET Image and Clinical Features for Prediction of Lung Metastasis in Soft Tissue Sarcomas,"Extracting massive features from images to quantify tumors provides a new insight to solve the problem that tumor heterogeneity is difficult to assess quantitatively. However, quantification of tumors by single-mode methods often has defects such as difficulty in features extraction and high computational complexity. The multimodal approach has shown effective application prospects in solving these problems. In this paper, we propose a feature fusion method based on positron emission tomography (PET) images and clinical information, which is used to obtain features for lung metastasis prediction of soft tissue sarcomas (STSs). Random forest method was adopted to select effective features by eliminating irrelevant or redundant features, and then they were used for the prediction of the lung metastasis combined with back propagation (BP) neural network. The results show that the prediction ability of the proposed model using fusion features is better than that of the model using an image or clinical feature alone. Furthermore, a good performance can be obtained using 3 standard uptake value (SUV) features of PET image and 7 clinical features, and its average accuracy, sensitivity, and specificity on all the sets can reach 92%, 91%, and 92%, respectively. Therefore, the fusing features have the potential to predict lung metastasis for STSs.",pet,classification,1,0,0
Automatic detection of pulmonary nodules in CT images by incorporating 3D tensor filtering with local image feature analysis,"Computer-aided detection (CAD) technology has been developed and demonstrated its potential to assist radiologists in detecting pulmonary nodules especially at an early stage. In this paper, we present a novel scheme for automatic detection of pulmonary nodules in CT images based on a 3D tensor filtering algorithm and local image feature analysis. We first apply a series of preprocessing steps to segment the lung volume and generate the isotropic volumetric CT data. Next, a unique 3D tensor filtering approach and local image feature analysis are used to detect nodule candidates. A 3D level set segmentation method is used to correct and refine the boundaries of nodule candidates subsequently. Then, we extract the features of the detected candidates and select the optimal features by using a CFS (Correlation Feature Selection) subset evaluator attribute selection method. Finally, a random forest classifier is trained to classify the detected candidates. The performance of this CAD scheme is validated using two datasets namely, the LUNA16 (Lung Nodule Analysis 2016) database and the ANODE09 (Automatic Nodule Detection 2009) database. By applying a 10-fold cross-validation method, the CAD scheme yielded a sensitivity of 79.3% at an average of 4 false positive detections per scan (FP/Scan) for the former dataset, and a sensitivity of 84.62% and 2.8 FP/Scan for the latter dataset, respectively. Our detection results show that the use of 3D tensor filtering algorithm combined with local image feature analysis constitutes an effective approach to detect pulmonary nodules.",ct,detection,0,0,0
Deep Bidirectional Classification Model for COVID-19 Disease Infected Patients,"In December of 2019, a novel coronavirus (COVID-19) appeared in Wuhan city, China and has been reported in many countries with millions of people infected within only four months. Chest computed Tomography (CT) has proven to be a useful supplement to reverse transcription polymerase chain reaction (RT-PCR) and has been shown to have high sensitivity to diagnose this condition. Therefore, radiological examinations are becoming crucial in early examination of COVID-19 infection. Currently, CT findings have already been suggested as an important evidence for scientific examination of COVID-19 in Hubei, China. However, classification of patient from chest CT images is not an easy task. Therefore, in this paper, a deep bidirectional long short-term memory network with mixture density network (DBM) model is proposed. To tune the hyperparameters of the DBM model, a Memetic Adaptive Differential Evolution (MADE) algorithm is used. Extensive experiments are drawn by considering the benchmark chest-Computed Tomography (chest-CT) images datasets. Comparative analysis reveals that the proposed MADE-DBM model outperforms the competitive COVID-19 classification approaches in terms of various performance metrics. Therefore, the proposed MADE-DBM model can be used in real-time COVID-19 classification systems.",ct,classification,1,0,1
Identifying sarcopenia in advanced non-small cell lung cancer patients using skeletal muscle CT radiomics and machine learning,"BACKGROUND: Sarcopenia has been confirmed as a poor prognostic indicator of lung cancer. However, the lack of abdominal computed tomography (CT) hindered the application to assess the status of sarcopenia. The purpose of this study was to assess the ability of chest CT radiomics combined with machine learning classifiers to identify sarcopenia in advanced non-small cell lung cancer (NSCLC) patients. METHODS: This study retrospectively analyzed CT images of 99 patients with NSCLC. Skeletal muscle radiomics were extracted from a single axial slice of the chest CT scan at the 12th thoracic vertebrae level. In total, 854 radiomic and clinical features were obtained from each patient. Feature selection was conducted with FeatureSelector module, optimal key features were fed into the lightGBM classifier for model construction, and Bayesian optimization was adopted to tune hyperparameters. The model's performance was evaluated by specificity, sensitivity, accuracy, precision, F1-score, Matthew's correlation coefficient (MCC), Cohen's kappa coefficient (Kappa), and AUC. RESULTS: A total of 40 patients were found to have sarcopenia. Five optimal features were selected. In the base lightGBM model, the specificity, sensitivity, accuracy, precision, F1-score, AUC, MCC, Kappa of validation set were 0.889, 0.750, 0.833, 0.818, 0.783, 0.819, 0.649, 0.648, respectively. After Bayesian hyperparameter tuning, the optimized lightGBM model achieved better prediction performance, and the corresponding values were 0.944, 0.833, 0.900, 0.909, 0.870, 0.889, 0.791, 0.789, respectively. CONCLUSIONS: Chest CT-based radiomics has the potential to identify sarcopenia in NSCLC patients with the lightGBM classifier, and the optimal lightGBM model via Bayesian hyperparameter tuning demonstrated better performance. KEY POINTS: SIGNIFICANT FINDINGS OF THE STUDY: Our study demonstrates that chest CT-based radiomics combined with lightGBM classifier has the ability to identify sarcopenia in NSCLC patients. WHAT THIS STUDY ADDS: Skeletal muscle radiomics would be a potential biomarker for sarcopenia identity in NSCLC patients.",ct,classification,0,0,0
From community-acquired pneumonia to COVID-19: a deep learning-based method for quantitative analysis of COVID-19 on thick-section CT scans,"OBJECTIVE: To develop a fully automated AI system to quantitatively assess the disease severity and disease progression of COVID-19 using thick-section chest CT images. METHODS: In this retrospective study, an AI system was developed to automatically segment and quantify the COVID-19-infected lung regions on thick-section chest CT images. Five hundred thirty-one CT scans from 204 COVID-19 patients were collected from one appointed COVID-19 hospital. The automatically segmented lung abnormalities were compared with manual segmentation of two experienced radiologists using the Dice coefficient on a randomly selected subset (30 CT scans). Two imaging biomarkers were automatically computed, i.e., the portion of infection (POI) and the average infection HU (iHU), to assess disease severity and disease progression. The assessments were compared with patient status of diagnosis reports and key phrases extracted from radiology reports using the area under the receiver operating characteristic curve (AUC) and Cohen's kappa, respectively. RESULTS: The dice coefficient between the segmentation of the AI system and two experienced radiologists for the COVID-19-infected lung abnormalities was 0.74 ± 0.28 and 0.76 ± 0.29, respectively, which were close to the inter-observer agreement (0.79 ± 0.25). The computed two imaging biomarkers can distinguish between the severe and non-severe stages with an AUC of 0.97 (p value < 0.001). Very good agreement (κ = 0.8220) between the AI system and the radiologists was achieved on evaluating the changes in infection volumes. CONCLUSIONS: A deep learning-based AI system built on the thick-section CT imaging can accurately quantify the COVID-19-associated lung abnormalities and assess the disease severity and its progressions. KEY POINTS: • A deep learning-based AI system was able to accurately segment the infected lung regions by COVID-19 using the thick-section CT scans (Dice coefficient ≥ 0.74). • The computed imaging biomarkers were able to distinguish between the non-severe and severe COVID-19 stages (area under the receiver operating characteristic curve 0.97). • The infection volume changes computed by the AI system were able to assess the COVID-19 progression (Cohen's kappa 0.8220).",ct,segmentation,1,0,0
Synthetic CT image generation of shape-controlled lung cancer using semi-conditional InfoGAN and its applicability for type classification,"PURPOSE: In recent years, convolutional neural network (CNN), an artificial intelligence technology with superior image recognition, has become increasingly popular and frequently used for classification tasks in medical imaging. However, the amount of labelled data available for classifying medical images is often significantly less than that of natural images, and the handling of rare diseases is often challenging. To overcome these problems, data augmentation has been performed using generative adversarial networks (GANs). However, conventional GAN cannot effectively handle the various shapes of tumours because it randomly generates images. In this study, we introduced semi-conditional InfoGAN, which enables some labels to be added to InfoGAN, for the generation of shape-controlled tumour images. InfoGAN is a derived model of GAN, and it can represent object features in images without any label. METHODS: Chest computed tomography images of 66 patients diagnosed with three histological types of lung cancer (adenocarcinoma, squamous cell carcinoma, and small cell lung cancer) were used for analysis. To investigate the applicability of the generated images, we classified the histological types of lung cancer using a CNN that was pre-trained with the generated images. RESULTS: As a result of the training, InfoGAN was possible to generate images that controlled the diameters of each lesion and the presence or absence of the chest wall. The classification accuracy of the pre-trained CNN was 57.7%, which was higher than that of the CNN trained only with real images (34.2%), thereby suggesting the potential of image generation. CONCLUSION: The applicability of semi-conditional InfoGAN for feature learning and representation in medical images was demonstrated in this study. InfoGAN can perform constant feature learning and generate images with a variety of shapes using a small dataset.",ct,generation,1,0,0
COVID19XrayNet: A Two-Step Transfer Learning Model for the COVID-19 Detecting Problem Based on a Limited Number of Chest X-Ray Images,"The novel coronavirus severe acute respiratory syndrome coronavirus 2 (SARS-CoV-2) has caused a major pandemic outbreak recently. Various diagnostic technologies have been under active development. The novel coronavirus disease (COVID-19) may induce pulmonary failures, and chest X-ray imaging becomes one of the major confirmed diagnostic technologies. The very limited number of publicly available samples has rendered the training of the deep neural networks unstable and inaccurate. This study proposed a two-step transfer learning pipeline and a deep residual network framework COVID19XrayNet for the COVID-19 detection problem based on chest X-ray images. COVID19XrayNet firstly tunes the transferred model on a large dataset of chest X-ray images, which is further tuned using a small dataset of annotated chest X-ray images. The final model achieved 0.9108 accuracy. The experimental data also suggested that the model may be improved with more training samples being released. COVID19XrayNet, a two-step transfer learning framework designed for biomedical images.",xr,classification,1,0,0
COVIDGR Dataset and COVID-SDNet Methodology for Predicting COVID-19 Based on Chest X-Ray Images,"Currently, Coronavirus disease (COVID-19), one of the most infectious diseases in the 21st century, is diagnosed using RT-PCR testing, CT scans and/or Chest X-Ray (CXR) images. CT (Computed Tomography) scanners and RT-PCR testing are not available in most medical centers and hence in many cases CXR images become the most time/cost effective tool for assisting clinicians in making decisions. Deep learning neural networks have a great potential for building COVID-19 triage systems and detecting COVID-19 patients, especially patients with low severity. Unfortunately, current databases do not allow building such systems as they are highly heterogeneous and biased towards severe cases. This article is three-fold: (i) we demystify the high sensitivities achieved by most recent COVID-19 classification models, (ii) under a close collaboration with Hospital Universitario Clínico San Cecilio, Granada, Spain, we built COVIDGR-1.0, a homogeneous and balanced database that includes all levels of severity, from normal with Positive RT-PCR, Mild, Moderate to Severe. COVIDGR-1.0 contains 426 positive and 426 negative PA (PosteroAnterior) CXR views and (iii) we propose COVID Smart Data based Network (COVID-SDNet) methodology for improving the generalization capacity of COVID-classification models. Our approach reaches good and stable results with an accuracy of [Formula: see text], [Formula: see text], [Formula: see text] in severe, moderate and mild COVID-19 severity levels. Our approach could help in the early detection of COVID-19. COVIDGR-1.0 along with the severity level labels are available to the scientific community through this link https://dasci.es/es/transferencia/open-data/covidgr/.",xr,classification,1,0,0
"Predicting Unnecessary Nodule Biopsies from a Small, Unbalanced, and Pathologically Proven Dataset by Transfer Learning","This study explores an automatic diagnosis method to predict unnecessary nodule biopsy from a small, unbalanced, and pathologically proven database. The automatic diagnosis method is based on a convolutional neural network (CNN) model. Because of the small and unbalanced samples, the presented method aims to improve the transfer learning capability via the VGG16 architecture and optimize the related transfer learning parameters. For comparison purpose, a traditional machine learning method is implemented, which extracts the texture features and classifies the features by support vector machine (SVM). The database includes 68 biopsied nodules, 16 are pathologically proven benign and the remaining 52 are malignant. To consider the volumetric data by the CNN model, each image slice from each nodule volume is selected randomly until all image slices of each nodule are utilized. The leave-one-out and 10-folder cross validations are applied to train and test the randomly selected 68 image slices (one image slice from one nodule) in each experiment, respectively. The averages over all the experimental outcomes are the final results. The experiments revealed that the features from both the medical and the natural images share the similarity of focusing on simpler and less-abstract objects, leading to the conclusion that not the more the transfer convolutional layers, the better the classification results. Transfer learning from other larger datasets can supply additional information to small and unbalanced datasets to improve the classification performance. The presented method has shown the potential to adapt CNN architecture to improve the prediction of unnecessary nodule biopsy from small, unbalanced, and pathologically proven volumetric dataset.",ct,classification,1,0,1
